nlc,Station,0500-0515,0515-0530,0530-0545,0545-0600,0600-0615,0615-0630,0630-0645,0645-0700,0700-0715,0715-0730,0730-0745,0745-0800,0800-0815,0815-0830,0830-0845,0845-0900,0900-0915,0915-0930,0930-0945,0945-1000,1000-1015,1015-1030,1030-1045,1045-1100,1100-1115,1115-1130,1130-1145,1145-1200,1200-1215,1215-1230,1230-1245,1245-1300,1300-1315,1315-1330,1330-1345,1345-1400,1400-1415,1415-1430,1430-1445,1445-1500,1500-1515,1515-1530,1530-1545,1545-1600,1600-1615,1615-1630,1630-1645,1645-1700,1700-1715,1715-1730,1730-1745,1745-1800,1800-1815,1815-1830,1830-1845,1845-1900,1900-1915,1915-1930,1930-1945,1945-2000,2000-2015,2015-2030,2030-2045,2045-2100,2100-2115,2115-2130,2130-2145,2145-2200,2200-2215,2215-2230,2230-2245,2245-2300,2300-2315,2315-2330,2330-2345,2345-2400
500,Acton Town,0,0,0,7,16,20,22,35,43,44,39,37,44,54,65,56,58,68,57,88,70,92,76,97,89,90,103,104,89,111,120,118,96,86,100,105,113,91,91,84,67,79,64,79,79,58,68,67,79,74,74,67,76,57,60,54,49,42,38,44,43,35,26,27,25,29,28,23,26,24,22,22,18,18,14,9
501,Barbican,0,0,0,0,0,0,10,19,21,13,17,14,20,22,23,28,35,45,50,43,59,54,61,57,63,70,90,68,71,94,76,74,61,74,74,78,79,70,84,86,70,76,105,91,90,96,80,81,105,91,92,109,88,99,79,70,76,71,66,54,59,52,30,24,31,28,41,53,81,66,75,92,73,42,17,7
502,Aldgate,0,0,0,0,0,0,4,10,16,14,11,7,7,10,11,12,12,20,19,22,24,32,38,36,37,41,41,63,48,55,53,47,46,39,52,39,40,47,39,39,44,39,50,49,35,47,37,43,32,36,35,35,33,33,30,21,18,21,21,20,17,13,13,10,16,16,18,15,13,10,10,9,11,10,8,5
503,Aldgate East,0,0,0,0,8,23,37,37,41,39,46,43,40,45,64,74,76,111,122,110,120,153,124,143,126,137,165,143,199,208,210,221,217,207,216,241,251,189,183,262,233,244,293,244,255,308,288,280,284,216,206,192,242,183,164,139,154,115,122,112,99,100,100,88,120,120,100,118,74,88,88,103,106,77,75,52
505,Alperton,0,0,0,0,0,2,16,36,39,37,38,33,38,28,35,43,39,37,39,40,48,58,38,37,30,38,37,36,36,42,41,34,50,52,49,41,41,33,37,35,32,42,33,35,43,36,41,43,45,46,48,42,40,39,28,32,29,30,25,24,19,22,25,19,17,12,12,14,10,9,9,9,9,8,5,4
506,Amersham,0,0,0,0,0,0,6,6,5,3,13,15,13,8,11,21,23,25,21,20,24,34,27,23,28,28,26,26,27,30,30,22,24,20,17,17,17,18,16,21,21,19,18,19,23,24,18,28,29,29,20,18,22,21,15,14,15,19,18,14,12,9,7,6,7,10,8,7,6,5,4,3,2,1,2,2
507,Angel,0,0,0,0,0,0,0,0,21,52,90,79,65,65,73,93,85,123,113,131,148,169,154,193,214,218,213,230,279,285,232,299,231,234,310,281,323,304,247,315,291,293,286,279,301,369,267,352,296,356,329,320,322,312,301,235,251,172,213,162,155,191,150,129,137,174,122,127,153,182,160,192,213,162,83,30
508,Archway,0,0,0,0,1,0,0,10,23,35,41,35,57,48,61,56,72,84,76,99,87,134,129,92,147,126,162,144,144,128,155,148,140,133,171,122,110,123,124,129,100,114,132,92,103,116,116,115,90,102,88,108,81,104,98,92,86,76,64,73,59,47,42,40,46,33,33,36,26,30,35,34,25,20,9,4
509,Arnos Grove,0,0,0,0,0,0,9,25,34,32,25,32,38,39,40,43,61,54,55,54,82,83,92,78,91,79,67,77,68,77,87,72,78,82,96,69,77,76,55,68,47,54,47,43,58,41,53,41,51,52,43,35,41,40,43,34,39,33,27,20,24,20,25,24,22,23,17,15,17,16,13,10,8,3,1,1
510,Arsenal,0,0,0,0,0,0,0,5,9,16,17,17,21,20,18,24,34,33,34,34,44,53,54,72,60,64,90,63,83,87,95,105,75,78,78,81,70,77,77,71,62,66,66,64,53,48,49,43,37,42,48,37,50,34,34,32,30,23,25,19,19,14,14,11,12,11,11,10,10,8,10,9,8,6,3,2
511,Baker Street,0,0,0,1,0,8,25,32,40,41,41,41,43,59,63,102,91,105,127,163,166,168,263,279,331,307,301,349,324,415,436,409,389,426,372,501,408,529,424,435,428,569,507,461,517,550,463,517,516,618,593,581,541,601,577,380,416,320,255,254,266,257,204,167,212,145,155,155,210,177,131,142,126,106,91,79
512,Balham,0,0,0,0,0,0,0,21,33,46,42,43,77,79,91,91,117,89,111,103,120,141,174,201,143,191,216,216,216,271,229,265,212,260,193,165,227,195,176,152,162,153,140,166,134,152,139,126,144,176,147,143,140,156,128,133,118,125,93,80,77,73,80,58,55,63,58,48,50,52,46,43,38,25,12,7
513,Bank & Monument,0,0,0,0,0,0,12,38,64,48,46,39,33,30,41,51,48,68,63,83,104,118,122,116,162,165,180,207,184,244,226,198,200,197,201,228,206,260,268,190,275,235,262,251,251,277,232,251,264,191,256,186,181,185,162,194,170,131,164,140,104,91,74,72,88,69,62,63,49,43,49,47,49,31,32,15
514,Barking,0,1,3,11,20,29,50,103,105,154,127,136,154,129,155,161,232,191,246,204,225,256,182,237,234,179,221,165,218,183,190,204,256,244,215,169,189,231,231,212,242,232,200,152,157,211,145,171,181,215,151,182,162,185,179,147,163,134,144,100,112,128,111,98,112,104,86,82,71,53,63,58,37,29,15,8
515,Barkingside,0,0,0,0,0,0,6,9,11,10,7,7,8,8,8,9,9,9,9,13,12,12,13,14,17,18,16,14,15,12,12,13,16,15,13,13,11,11,8,8,9,10,10,9,9,9,8,9,10,9,7,7,7,6,5,6,6,5,5,5,5,4,4,3,2,3,3,3,2,2,2,3,2,0,0,0
516,Barons Court,0,0,0,0,3,9,12,12,13,22,21,27,29,36,44,42,54,62,58,79,85,93,103,94,103,88,104,117,100,132,112,143,124,96,135,136,118,116,83,82,74,76,95,83,97,98,75,59,82,74,78,85,69,76,72,53,53,54,40,51,33,32,24,29,23,24,17,22,22,23,23,18,13,12,9,5
517,Bayswater,0,0,0,0,0,0,0,11,20,35,31,31,39,55,79,97,162,172,249,262,200,282,228,217,163,180,114,121,110,118,107,127,134,103,111,93,135,143,130,126,141,147,164,170,149,144,135,150,142,122,123,115,122,110,119,84,101,94,100,94,79,100,80,83,67,51,42,43,53,45,59,37,37,27,30,23
518,Becontree,0,1,3,10,15,20,16,26,27,24,20,21,19,22,19,27,31,26,29,36,36,35,37,33,34,37,31,39,39,38,27,34,43,46,39,32,27,25,31,27,30,22,24,25,24,24,23,23,20,21,22,25,31,27,26,27,26,20,15,16,16,12,13,13,11,11,8,7,6,7,5,6,6,5,1,1
519,Belsize Park,0,0,0,0,0,0,0,3,9,14,15,21,24,44,47,38,47,48,57,53,59,70,82,91,91,79,73,79,90,101,83,99,108,88,106,94,81,79,75,73,75,77,67,63,71,86,83,80,66,69,67,82,85,87,60,70,60,51,41,51,53,46,43,38,32,26,23,24,20,29,28,26,23,19,12,10
520,Bethnal Green,0,0,0,0,0,1,13,48,94,105,98,100,122,142,135,151,157,231,189,157,168,281,223,296,219,350,281,307,307,267,334,357,353,282,342,272,327,280,302,303,246,248,229,210,282,295,232,187,276,265,245,256,245,204,226,199,165,164,164,150,149,166,119,109,90,109,108,78,87,98,86,98,107,95,74,27
521,Blackfriars,0,0,0,0,0,0,7,16,29,22,22,17,19,17,28,31,45,51,57,70,57,84,97,92,100,74,85,96,103,91,87,88,119,96,116,112,112,86,96,110,118,117,91,99,129,125,108,119,126,108,120,113,116,143,121,83,82,63,66,70,55,47,37,41,48,40,39,33,35,34,28,27,22,20,13,9
522,Blackhorse Road,0,0,0,0,0,0,38,77,87,81,90,99,91,80,98,92,114,123,120,131,147,144,113,105,128,140,119,131,106,104,115,142,111,155,140,120,146,143,112,105,100,95,78,75,99,91,67,80,66,71,79,75,74,99,68,91,75,64,60,44,46,44,47,42,32,29,33,28,32,27,24,19,19,17,12,6
524,Bond Street,0,0,0,0,0,0,0,15,33,46,29,30,33,36,31,45,50,63,89,94,96,123,172,130,183,186,187,175,213,252,384,362,438,542,546,589,672,516,516,755,880,925,742,772,935,820,824,870,1011,1009,1022,1376,1563,1646,1080,757,523,386,430,271,361,309,179,231,170,168,162,162,139,167,116,121,142,156,96,46
525,Borough,0,0,0,0,0,0,0,2,10,18,17,14,24,23,25,24,29,44,53,45,61,62,64,72,77,69,68,79,76,76,80,67,76,81,78,76,65,62,69,57,68,66,58,59,54,67,77,79,62,62,59,72,67,61,56,67,60,41,48,45,44,31,27,30,30,24,20,28,28,28,21,18,20,18,8,5
526,Boston Manor,0,0,3,8,12,12,10,13,13,14,15,12,14,14,15,17,18,24,26,32,29,38,29,32,35,28,41,31,39,39,47,33,36,45,33,35,34,32,34,32,29,27,25,33,24,31,32,29,29,27,20,22,19,23,21,20,15,14,14,13,13,9,9,9,10,8,8,6,8,7,7,4,4,4,2,1
527,Bounds Green,0,0,0,0,0,0,0,44,50,57,50,49,52,58,64,70,86,79,88,90,88,130,101,99,112,145,134,138,128,135,114,100,141,116,112,90,122,103,100,104,101,84,64,63,83,78,74,81,70,84,63,68,59,71,56,56,63,42,42,36,40,31,34,29,30,32,23,25,20,19,17,16,12,8,5,3
528,Bow Road,0,0,0,1,3,10,19,27,37,45,32,27,36,45,47,52,60,71,76,79,78,92,80,85,103,108,103,86,119,113,89,125,95,129,113,81,98,100,87,106,85,103,96,67,61,71,79,59,67,63,60,58,73,68,71,52,46,54,51,41,35,33,33,27,27,23,24,17,21,20,23,23,23,19,11,7
529,Brent Cross,0,0,0,0,0,0,3,6,13,13,16,15,16,17,18,26,26,30,27,31,37,38,33,33,42,42,53,49,36,28,30,30,43,33,44,38,46,51,51,33,34,41,31,38,36,37,38,28,34,42,31,31,36,37,33,29,25,26,20,14,12,13,15,11,12,10,10,10,11,10,6,5,3,3,2,2
530,Bromley-by-Bow,0,0,1,8,12,17,15,22,26,31,20,21,20,21,20,22,24,28,27,33,41,45,41,38,35,36,42,37,32,33,39,44,38,45,38,37,41,49,39,39,43,46,33,31,39,40,39,35,32,28,29,32,31,29,24,29,27,26,22,19,15,15,15,14,17,15,11,11,12,10,8,7,9,10,11,5
531,Buckhurst Hill,0,0,0,0,0,0,7,9,8,6,5,8,11,15,13,10,11,13,18,15,21,24,18,26,31,33,25,31,29,26,25,27,21,23,22,17,21,23,18,14,17,19,13,16,17,13,12,12,13,16,12,14,13,13,13,10,10,9,8,11,10,10,7,8,7,6,4,4,6,5,5,5,3,1,0,1
532,Burnt Oak,0,0,0,0,0,1,18,42,49,40,39,28,40,48,44,40,54,47,40,60,62,60,49,55,53,64,54,56,46,53,73,61,53,56,52,52,44,51,52,54,39,38,43,36,31,35,30,40,42,41,43,39,34,30,38,31,25,21,24,24,18,17,17,16,14,16,14,13,12,10,8,9,7,4,2,2
534,Caledonian Road,0,0,0,0,0,0,0,7,16,34,33,35,28,44,47,37,50,74,71,80,64,80,81,106,105,84,89,100,75,89,84,114,88,92,114,91,90,87,93,90,89,80,69,69,84,93,78,64,79,69,70,62,74,61,59,55,65,54,41,39,33,37,29,36,36,33,29,37,29,24,24,26,20,20,8,4
535,Camden Town,0,0,0,0,0,0,0,10,25,38,53,61,55,72,55,63,64,98,108,88,97,136,133,153,178,312,291,315,362,458,621,437,220,0,0,1,1,0,0,0,0,0,0,1,29,83,164,360,445,559,707,710,743,555,674,554,465,351,305,266,282,287,216,240,202,197,196,179,206,186,265,314,311,224,129,0
536,Cannon Street,0,0,0,0,0,0,0,0,0,0,0,0,0,0,0,0,0,0,0,0,0,0,0,0,0,0,0,0,0,0,0,0,0,0,0,0,0,0,0,0,0,0,0,0,0,0,0,0,0,0,0,0,0,0,0,0,0,0,0,0,0,0,0,0,0,0,0,0,0,0,0,0,0,0,0,0
537,Canons Park,0,0,0,0,0,0,5,10,16,12,14,11,12,14,13,18,16,19,19,21,25,31,30,25,28,26,27,25,31,29,36,28,35,28,28,22,26,22,26,24,22,25,22,20,18,17,15,16,18,20,20,19,14,16,15,17,13,13,8,9,7,9,7,8,5,3,4,5,5,5,5,5,6,6,4,1
539,Chalfont & Latimer,0,0,0,0,1,0,3,5,4,1,4,8,7,4,7,8,12,19,21,12,15,13,24,15,17,16,19,14,14,12,12,15,18,15,11,9,10,20,17,24,15,18,9,8,6,10,12,9,12,14,16,10,9,9,10,6,6,7,12,13,7,4,6,5,5,3,3,3,4,4,2,1,2,2,2,0
540,Chalk Farm,0,0,0,0,0,0,0,0,13,14,11,16,22,27,27,30,32,45,54,41,46,58,64,68,74,73,77,91,108,110,105,93,146,165,169,128,147,199,173,211,259,214,176,241,244,185,215,196,216,168,129,112,146,120,126,118,91,74,57,65,64,63,55,41,31,34,41,34,51,54,53,62,61,55,24,4
541,Chancery Lane,0,0,0,0,0,0,0,10,20,21,17,13,13,15,21,19,23,20,21,31,32,32,43,43,46,45,55,51,67,81,87,100,102,75,76,91,80,79,77,83,89,87,78,75,78,97,95,110,92,91,70,84,93,77,82,75,56,53,38,35,53,40,27,30,32,32,32,33,24,25,22,23,28,32,19,7
542,Embankment,0,0,0,0,0,0,13,20,28,42,49,40,36,50,51,42,52,81,90,123,124,132,169,195,207,214,242,212,196,267,287,306,254,340,324,284,287,351,370,425,408,478,409,441,543,457,450,500,560,570,550,502,375,483,376,424,359,281,291,227,250,228,186,221,233,265,228,241,273,235,246,216,201,104,106,53
543,Chesham,0,0,0,0,0,0,0,0,0,0,7,6,7,4,7,5,9,7,9,7,7,8,9,8,10,7,10,7,8,8,11,8,8,8,10,7,9,6,8,5,8,6,7,8,12,9,10,6,7,6,7,6,9,6,6,3,4,3,4,3,4,4,4,2,2,2,3,1,2,2,2,1,1,1,0,0
544,Chigwell,0,0,0,0,0,0,0,0,0,0,2,2,2,2,2,3,3,2,2,3,4,4,3,3,4,4,5,5,5,5,5,4,5,5,5,5,5,4,5,4,3,3,3,3,3,3,3,3,3,3,5,4,3,2,2,3,2,2,1,2,1,1,0,0,1,1,1,1,1,1,1,1,1,0,0,1
545,Chiswick Park,0,0,0,0,1,2,4,5,6,7,8,8,7,8,9,10,10,14,17,16,17,20,17,24,28,28,23,27,29,24,26,30,30,32,29,24,22,25,22,20,25,24,29,19,19,21,23,26,21,24,23,25,23,18,17,19,14,13,12,13,10,11,9,8,8,6,6,7,7,9,8,8,4,2,2,2
546,Chorleywood,0,0,0,0,0,0,1,2,2,3,4,6,6,5,5,5,5,5,5,7,9,9,9,10,8,9,11,11,12,14,11,7,8,8,8,6,8,9,9,6,8,9,8,6,10,12,11,7,8,7,8,5,7,5,4,3,4,5,3,2,3,3,3,2,2,2,2,2,2,3,3,3,1,1,0,1
547,Clapham Common,0,0,0,0,0,0,0,12,21,28,27,36,44,51,43,47,81,89,95,85,82,102,127,102,127,170,159,132,141,171,221,200,192,182,166,178,195,164,140,132,167,156,161,151,123,150,111,136,127,175,125,156,159,138,138,123,133,131,103,109,111,77,89,70,89,80,60,54,74,64,60,60,56,40,18,11
548,Clapham North,0,0,0,0,0,0,0,8,21,31,29,29,32,42,43,42,44,74,74,64,70,84,87,103,120,135,135,128,133,147,143,149,163,119,116,137,124,106,125,86,99,88,98,78,95,66,83,89,95,81,98,93,98,85,80,88,57,54,70,55,37,41,40,40,50,44,32,33,36,37,36,40,30,24,10,5
549,Clapham South,0,0,0,0,0,0,1,13,23,31,22,35,43,53,48,59,76,92,95,101,114,118,112,125,152,122,123,155,176,141,148,167,157,183,136,134,140,148,123,121,94,98,82,101,80,106,85,100,108,106,101,92,74,82,75,85,96,82,61,55,46,38,37,34,33,38,37,29,32,26,27,31,35,25,8,4
550,Cockfosters,0,0,0,0,0,0,7,8,8,8,10,14,15,18,19,29,32,39,33,40,41,41,43,50,50,43,38,34,39,36,41,33,32,39,41,39,28,26,23,24,21,30,23,22,25,27,22,23,22,23,26,26,21,19,18,12,16,16,12,9,10,8,8,9,8,8,7,8,9,11,11,7,3,0,0,0
551,Colindale,0,0,0,0,0,0,12,28,35,28,29,28,37,36,36,40,45,51,52,56,63,56,85,72,79,73,65,64,69,71,71,77,69,72,56,63,62,54,57,56,55,53,62,59,52,44,56,63,59,52,54,55,49,34,38,39,36,33,32,24,25,24,22,18,19,16,15,15,13,12,12,12,8,8,5,2
552,Colliers Wood,0,0,0,0,1,0,9,36,55,49,34,41,41,54,51,71,70,70,96,99,105,85,112,91,117,97,110,93,128,94,90,91,117,129,102,118,91,99,94,73,102,74,95,92,83,87,83,78,88,94,79,77,72,79,55,44,40,47,36,41,35,34,24,29,30,27,20,23,24,24,18,19,10,6,2,2
553,Covent Garden,0,0,0,0,0,4,8,10,8,9,8,11,13,13,14,20,19,36,36,52,75,97,109,114,162,156,185,167,178,281,251,299,329,421,325,402,561,408,475,480,574,681,603,704,538,812,729,553,674,823,865,666,944,595,489,355,495,326,411,359,248,242,297,267,254,284,260,194,249,199,244,191,200,123,97,55
554,Croxley,0,0,0,0,0,0,0,4,3,3,3,3,3,4,4,4,5,7,8,7,8,10,8,7,10,6,5,5,7,7,8,8,11,9,7,8,9,5,6,5,8,9,9,7,6,4,5,5,6,7,8,8,8,5,4,3,3,3,3,3,3,2,2,2,3,2,2,1,3,2,1,1,2,2,0,0
555,Dagenham East,0,3,5,7,8,13,17,18,22,23,18,15,18,16,17,21,28,28,34,34,35,28,28,32,31,28,28,28,34,26,34,30,25,31,23,22,22,29,28,24,24,23,25,23,20,19,21,19,23,23,20,20,27,23,20,16,21,15,14,14,13,16,18,19,14,11,9,6,6,9,8,8,8,7,4,2
556,Dagenham Heathway,0,4,7,12,19,26,44,38,38,36,38,29,35,36,37,49,57,54,63,65,53,55,81,62,70,68,68,66,67,61,65,58,56,73,51,64,51,56,47,55,43,45,49,50,54,46,44,47,53,47,50,44,55,53,51,59,59,43,33,34,33,26,30,29,28,20,21,16,21,14,10,11,10,5,2,1
557,Debden,0,0,0,0,0,4,7,10,8,6,8,8,11,10,10,10,13,13,17,15,20,22,22,20,20,24,24,25,28,28,21,21,27,23,17,21,17,22,17,22,17,14,14,14,13,14,12,12,15,16,14,12,12,12,10,10,9,9,8,8,6,5,5,4,3,3,4,5,5,5,4,3,2,1,1,1
558,Dollis Hill,0,0,0,0,2,2,5,13,24,25,22,20,35,30,31,30,37,47,60,56,43,51,66,62,99,101,67,54,74,66,76,67,81,79,60,71,59,52,55,61,65,57,55,46,48,46,42,39,52,46,42,47,39,48,38,32,39,44,58,66,49,35,32,23,21,17,21,22,18,13,12,9,8,6,4,3
560,Ealing Broadway,2,1,0,11,26,29,45,67,106,88,83,74,102,103,143,135,183,180,185,216,229,235,242,209,214,245,330,328,295,249,301,263,290,324,254,247,307,288,230,215,246,287,229,254,232,219,231,236,242,226,169,215,207,158,147,160,143,130,92,117,98,109,110,92,93,74,80,65,60,46,48,44,30,21,15,8
561,Ealing Common,0,0,0,2,5,8,12,16,16,17,20,23,24,20,24,35,37,38,37,56,41,45,41,41,49,52,63,48,52,63,65,44,53,60,56,40,39,49,44,50,50,43,32,39,37,35,39,33,42,48,52,33,45,47,40,32,35,23,28,29,24,24,21,19,18,15,15,16,15,13,14,12,11,9,7,5
562,Earl's Court,0,0,0,0,11,29,47,68,100,117,114,100,112,169,170,286,388,497,549,510,548,514,661,592,563,567,507,451,481,395,400,520,420,524,535,601,534,463,586,615,576,561,603,637,538,649,482,613,668,535,507,415,511,518,505,407,457,380,338,201,201,242,224,153,199,164,156,113,131,159,180,179,155,121,125,82
563,East Acton,0,0,0,0,0,0,11,18,26,24,27,20,23,31,36,36,36,39,53,47,51,64,56,45,63,59,72,52,47,69,73,57,73,73,63,56,53,54,62,61,48,51,43,56,56,57,55,38,45,41,45,38,33,34,32,35,30,31,22,24,24,27,23,19,17,19,15,16,10,10,10,10,10,8,5,3
564,Eastcote,0,0,0,0,0,3,8,10,8,10,11,10,8,9,10,14,18,23,21,27,27,31,26,31,36,30,31,29,28,35,27,34,24,21,27,21,30,26,24,19,24,19,21,20,13,14,21,19,18,17,14,18,23,23,17,15,15,10,9,10,8,8,8,8,7,7,6,7,7,7,5,6,6,5,3,2
565,East Finchley,0,0,0,0,0,0,2,13,24,25,20,28,38,34,47,47,64,69,64,60,85,100,93,116,125,90,95,128,109,135,113,99,93,109,110,97,108,78,91,73,66,86,92,78,81,67,65,61,78,79,77,65,71,59,51,50,57,45,39,30,32,35,21,25,26,19,16,20,22,21,16,17,13,9,4,2
566,East Ham,0,0,15,36,62,97,103,174,194,214,160,193,180,152,191,189,198,200,162,212,202,217,225,174,252,190,171,190,169,195,220,212,197,178,203,218,244,236,171,209,169,178,172,221,162,154,170,184,179,184,198,138,141,145,162,140,144,130,85,92,109,96,103,69,102,101,76,67,68,62,56,42,30,23,12,4
567,East Putney,0,0,0,0,0,1,3,6,15,20,15,14,21,36,30,39,34,47,49,57,79,66,92,90,72,86,101,96,124,112,105,120,85,90,92,106,101,76,92,60,60,64,68,62,55,66,69,57,69,57,67,50,76,70,52,41,48,38,28,25,21,25,23,15,19,23,19,17,14,15,15,15,13,12,6,3
568,Edgware,0,0,0,0,0,0,18,20,27,19,22,29,32,36,43,46,55,66,51,54,55,74,55,76,65,70,76,70,63,77,71,68,68,69,73,73,72,76,65,61,53,60,50,42,41,48,40,56,63,66,48,46,49,35,28,30,32,33,25,29,19,29,18,21,19,15,12,15,20,16,15,14,10,7,5,3
569,Edgware Road (Cir),0,0,0,0,1,4,8,14,19,23,18,17,25,26,29,32,34,36,44,51,67,69,95,82,95,72,76,75,81,88,83,83,76,82,90,71,71,81,85,64,65,66,76,66,84,72,77,67,87,88,64,69,74,72,62,72,79,60,73,58,55,46,52,38,47,37,43,33,37,40,28,25,39,33,30,19
570,Elephant & Castle,0,0,0,0,0,0,4,64,134,166,157,107,126,127,166,134,149,195,199,190,268,253,259,230,296,328,334,284,284,252,253,241,290,313,338,353,322,259,288,274,341,310,287,298,249,321,319,279,264,304,245,296,216,224,255,248,223,163,177,179,149,161,136,153,128,177,183,114,99,99,101,106,81,57,38,17
571,Elm Park,0,0,3,7,10,14,12,13,15,16,13,14,17,17,19,22,22,21,24,29,24,31,30,28,25,28,34,26,31,26,27,24,26,25,20,20,17,15,18,17,13,13,17,15,14,15,22,20,23,17,19,20,18,17,19,18,15,12,12,12,9,8,6,6,6,6,5,6,7,6,5,3,2,1,0,0
572,Epping,0,0,0,0,0,7,13,16,12,19,19,24,26,29,25,42,36,46,50,63,73,61,79,79,86,84,65,58,71,49,56,54,45,59,50,48,41,36,34,30,30,31,42,37,41,42,36,32,44,32,33,44,36,30,29,26,22,15,16,21,20,16,11,16,14,11,9,8,5,7,9,8,5,3,2,0
574,Euston,0,0,0,0,0,0,6,19,32,43,73,72,90,99,125,146,207,162,206,301,277,382,434,464,451,534,433,534,564,574,663,634,786,725,543,553,610,752,689,808,686,765,701,864,795,659,659,773,806,793,957,960,835,888,690,812,1100,790,772,587,859,807,756,755,752,527,389,484,462,323,318,274,268,158,140,44
575,Euston Square,0,0,0,0,0,2,4,9,10,11,13,17,28,27,27,23,35,36,47,50,51,60,57,61,54,54,48,49,66,79,70,88,89,76,87,77,102,74,87,88,99,124,100,135,137,133,90,105,104,128,127,137,153,131,108,116,127,121,84,103,79,78,91,82,96,71,46,49,46,58,41,36,43,33,24,21
576,Fairlop,0,0,0,0,0,0,5,5,4,5,5,4,3,4,5,7,7,7,7,7,8,6,8,8,9,11,11,12,13,12,10,11,9,11,10,11,11,10,8,9,11,12,13,10,11,8,8,9,7,6,8,10,10,9,6,6,7,9,7,5,3,3,3,2,2,3,4,3,3,3,2,1,0,0,0,0
577,Farringdon,0,0,0,0,1,5,30,64,72,56,54,47,41,43,45,40,44,39,51,48,58,50,54,65,63,81,80,64,76,70,98,74,89,85,67,75,107,92,67,97,74,76,84,92,107,115,99,121,123,108,88,97,112,97,83,91,77,66,45,61,53,51,43,41,34,31,41,36,38,33,42,39,30,29,19,12
578,Finchley Central,0,0,0,0,0,1,4,12,14,22,23,20,27,30,29,41,39,48,67,73,54,55,82,74,73,71,65,66,64,87,69,83,72,93,77,73,84,74,63,51,61,73,64,43,41,46,50,44,50,59,49,52,56,73,55,35,35,49,32,31,31,23,25,31,22,20,20,17,25,23,22,13,10,11,9,6
579,Finchley Road,0,0,0,0,0,0,0,9,24,34,36,38,44,49,57,50,65,87,65,79,96,134,126,137,158,145,188,147,184,193,187,176,192,160,162,199,199,145,146,131,129,162,172,147,155,174,130,188,156,171,121,136,97,99,95,85,116,100,84,66,74,62,67,54,60,47,43,54,60,48,45,54,44,49,34,23
580,Finsbury Park,0,0,0,0,0,12,37,90,131,126,112,138,153,128,154,170,202,216,266,289,378,409,329,284,406,492,396,480,540,523,448,392,544,498,487,469,521,531,600,554,553,492,463,347,380,418,484,386,379,499,530,467,432,407,400,319,255,274,255,226,199,216,190,235,184,180,143,180,128,125,140,112,119,76,59,45
581,Fulham Broadway,0,0,0,0,0,0,0,13,20,20,21,26,27,35,37,50,48,55,82,66,110,107,106,115,112,128,160,167,128,160,172,142,164,149,157,132,140,134,139,159,161,151,160,155,162,141,157,106,174,131,117,106,120,109,108,82,78,82,95,75,71,56,72,54,59,51,49,46,38,42,49,48,55,41,32,15
582,Gants Hill,0,0,0,0,1,4,24,53,64,65,56,67,56,57,47,53,81,74,81,73,79,81,96,70,95,92,97,96,98,80,92,64,65,65,67,77,78,70,59,69,55,65,47,47,42,58,58,61,64,60,58,59,51,52,38,38,40,33,32,29,33,24,29,25,27,19,17,22,18,17,14,17,13,7,3,2
583,Gloucester Road,0,0,0,0,0,12,14,32,45,47,51,50,77,90,122,124,200,219,259,323,273,351,277,274,356,379,307,227,260,199,231,249,251,224,216,267,255,238,242,268,269,207,288,223,269,287,259,258,286,265,248,193,258,244,217,217,166,180,140,121,120,97,114,111,82,83,100,76,81,79,69,103,116,96,63,40
584,Golders Green,0,0,0,0,0,0,6,22,38,42,49,44,65,67,71,76,97,115,117,124,132,114,111,105,148,148,142,136,127,166,150,124,176,133,190,176,174,140,113,138,122,107,105,97,135,121,98,113,111,89,88,101,85,90,116,85,97,83,84,84,52,59,61,62,52,47,48,46,41,50,47,39,34,25,12,9
585,Goldhawk Road,0,0,0,0,1,3,4,4,7,7,8,7,9,8,11,9,14,19,22,16,24,17,21,18,20,25,25,27,25,27,18,21,25,29,24,23,18,22,22,19,23,19,18,21,21,21,17,15,22,17,15,20,21,20,18,16,15,16,12,9,9,10,9,8,8,7,6,7,8,9,10,9,7,6,4,3
586,Goodge Street,0,0,0,0,0,0,0,0,3,7,9,8,8,10,13,15,23,27,26,27,33,32,45,43,27,29,26,33,41,52,46,54,52,56,76,53,55,76,65,80,94,77,97,88,102,117,123,93,113,113,105,135,128,77,78,54,63,74,44,52,50,45,28,33,41,36,46,40,28,28,37,37,23,21,10,5
587,Grange Hill,0,0,0,0,0,0,0,0,0,2,2,4,4,3,3,5,5,5,5,5,5,5,4,5,5,5,5,5,6,7,7,7,4,5,6,6,4,4,4,4,4,3,4,6,6,4,2,2,3,4,4,3,3,3,2,2,2,2,1,2,2,3,2,1,1,1,1,1,1,2,2,2,0,0,0,1
588,Great Portland Street,0,0,0,0,0,2,4,8,11,13,14,12,15,15,20,19,31,34,52,62,54,66,52,53,50,49,42,51,50,50,58,52,64,63,58,71,56,45,46,57,70,57,71,74,77,83,71,76,57,67,52,61,62,60,51,41,54,38,39,34,40,42,27,33,33,22,23,19,23,28,19,19,20,19,15,9
589,Greenford,0,0,0,0,0,12,34,37,35,28,29,28,31,30,29,40,53,42,51,46,51,49,42,57,63,69,61,73,55,65,66,74,55,57,63,67,51,52,57,52,49,48,44,53,40,29,36,36,35,36,34,36,45,32,30,23,27,32,28,24,25,19,19,17,18,14,12,13,15,12,10,10,7,5,3,2
590,Green Park,1,1,0,1,1,9,20,33,40,42,45,39,51,48,39,52,62,75,75,116,151,140,155,206,179,212,237,323,352,469,424,280,351,292,407,369,409,331,326,449,351,487,495,546,519,594,604,433,594,486,458,556,606,535,568,463,274,284,228,272,194,219,170,177,177,159,130,135,183,197,176,177,229,178,131,75
591,Gunnersbury,0,0,0,0,0,1,1,1,5,7,8,12,12,14,17,27,26,33,41,40,44,47,42,40,57,54,48,48,62,76,65,77,65,50,64,59,68,55,48,41,44,53,46,41,42,44,40,34,40,41,48,38,40,37,33,23,32,26,21,20,20,19,13,12,13,13,10,8,9,9,7,6,4,3,1,1
592,Hainault,0,0,0,0,0,7,18,32,32,30,20,21,24,23,27,28,27,43,39,41,40,35,37,45,33,48,45,42,33,39,49,46,40,38,29,30,33,32,35,21,23,20,25,25,26,25,25,26,20,25,24,23,24,18,18,18,16,16,15,14,15,14,10,9,10,11,8,8,8,8,7,5,5,1,1,1
593,Hammersmith (Dis),0,0,0,5,22,41,53,63,96,93,122,111,143,144,142,204,207,233,293,288,316,382,372,324,323,313,333,424,412,437,483,335,419,389,361,439,438,361,357,472,466,415,474,418,366,374,432,381,527,524,485,410,544,483,395,295,313,349,295,267,307,249,187,218,189,166,166,317,484,397,400,275,378,215,94,42
594,Hampstead,0,0,0,0,0,0,0,4,8,9,9,11,14,16,14,19,23,23,29,37,40,36,44,55,49,44,56,52,71,68,82,82,74,78,72,97,90,85,81,103,108,104,99,114,113,108,95,95,112,127,90,88,94,77,69,62,62,58,58,54,49,47,34,35,29,40,32,33,34,36,36,34,35,20,11,6
595,Hanger Lane,0,0,0,0,0,0,13,24,34,24,20,26,28,27,27,35,46,54,70,48,70,58,63,54,61,77,69,59,48,65,54,51,48,49,49,49,47,49,48,37,42,42,33,30,43,38,32,31,32,45,42,51,38,30,29,32,32,31,29,29,21,20,22,22,18,22,16,18,16,17,12,9,9,8,5,3
596,Harlesden,0,0,0,0,0,2,3,7,13,15,14,14,13,17,17,15,19,25,24,25,25,28,20,22,29,25,29,23,21,22,26,25,29,35,23,27,28,26,30,31,30,23,24,25,24,28,26,26,31,25,21,27,29,30,22,18,19,16,15,13,19,16,13,13,17,15,12,8,9,11,10,7,5,4,2,2
597,Harrow & Wealdstone,0,0,0,0,1,1,6,15,33,38,31,23,44,40,44,46,56,51,46,58,63,62,73,57,63,73,72,66,58,74,78,62,73,61,64,77,75,73,67,41,61,45,53,39,62,56,65,67,67,48,58,53,49,42,49,42,40,45,32,30,25,29,24,21,26,25,17,16,16,14,9,7,10,10,6,1
598,Harrow-on-the-Hill,0,0,0,0,1,5,22,40,67,58,43,45,47,52,65,65,68,85,84,73,96,93,126,90,109,123,100,95,99,142,117,142,144,143,165,136,112,138,151,106,113,134,144,118,140,114,140,119,174,150,121,104,99,80,89,88,75,74,64,47,50,54,46,36,52,49,39,29,29,32,29,25,22,19,15,9
599,Wood Lane,0,1,0,1,3,5,5,4,6,9,10,10,11,10,12,11,12,14,13,16,16,23,24,26,24,28,32,27,28,36,38,48,43,47,40,40,52,61,66,72,54,76,84,73,76,87,79,91,78,73,73,132,159,118,95,60,57,42,40,41,38,32,30,40,44,49,31,14,20,22,20,10,12,15,14,12
601,Hendon Central,0,1,1,0,0,0,0,28,34,30,38,44,52,50,53,56,84,74,65,89,95,76,84,96,96,102,118,106,86,103,118,96,110,87,88,99,90,103,83,79,90,76,60,57,80,68,64,66,68,77,77,65,72,75,71,65,60,47,56,54,41,41,30,39,36,36,33,27,28,29,20,22,18,12,8,5
602,High Barnet,0,0,0,0,0,2,5,8,9,8,11,13,15,20,16,19,28,39,34,31,43,46,62,49,49,43,55,55,51,47,45,48,55,47,43,37,35,32,38,27,29,28,29,33,35,36,39,27,29,35,39,26,31,28,33,23,22,20,19,19,18,15,15,13,11,10,8,9,11,11,9,7,5,3,2,2
603,Highbury & Islington,0,0,0,0,0,0,12,30,52,47,46,61,69,81,78,72,125,127,129,134,154,172,178,195,211,270,302,285,250,342,313,295,261,237,290,220,303,244,212,221,243,224,214,193,189,267,181,208,236,266,248,241,236,266,176,213,177,188,160,134,156,123,149,115,131,122,109,116,146,198,183,157,120,113,64,33
604,Highgate,0,0,0,0,0,0,3,4,9,13,16,15,16,23,28,31,39,47,39,53,59,66,58,71,87,86,96,91,88,87,82,100,69,88,93,71,79,89,74,66,61,61,52,49,48,62,42,59,66,78,62,48,68,50,56,43,43,32,41,33,20,23,18,20,19,20,16,18,17,18,17,17,18,9,5,2
605,High Street Kensington,0,0,0,0,0,0,2,12,17,25,18,19,29,36,50,64,104,82,97,127,144,159,169,161,128,122,158,136,138,173,184,174,176,168,203,222,189,188,182,231,176,219,191,282,270,295,207,241,233,244,246,244,307,303,227,177,121,140,121,99,84,79,75,64,72,58,50,65,68,53,73,86,91,55,27,20
606,Hillingdon,0,0,0,0,0,2,3,4,4,4,5,5,6,7,9,11,17,21,17,18,21,24,32,21,18,20,18,17,24,20,27,21,15,15,15,15,16,15,15,13,16,11,12,12,15,14,15,17,13,11,14,14,18,16,16,12,11,8,8,10,11,10,9,7,7,7,5,4,4,4,3,3,3,2,1,0
607,Holborn,0,0,0,0,0,7,28,49,53,54,50,38,55,64,61,63,80,100,107,156,152,198,216,187,222,172,186,220,216,241,232,203,259,241,289,238,321,339,253,351,364,345,320,413,332,480,351,370,428,470,547,464,394,359,341,274,233,242,212,261,194,255,164,212,161,213,191,195,209,174,181,172,150,136,95,35
608,Holland Park,0,0,0,0,0,1,2,5,9,8,9,11,10,12,17,18,19,27,26,36,40,41,51,49,41,39,40,45,41,52,50,43,42,43,50,47,53,41,53,51,41,59,54,53,51,48,53,46,54,49,49,41,46,58,53,51,32,41,33,26,25,28,22,18,18,21,20,18,20,18,14,15,20,13,7,2
609,Holloway Road,0,0,0,0,0,0,0,15,31,39,29,27,35,41,48,38,44,51,70,63,74,84,89,116,100,105,117,101,120,103,109,139,122,100,121,95,114,115,110,97,110,88,112,90,91,77,96,74,96,99,89,90,79,65,78,79,56,53,41,52,47,45,37,23,30,26,26,25,25,28,32,27,28,24,11,6
610,Hornchurch,0,0,2,3,3,4,5,7,8,8,6,9,10,15,9,13,12,15,16,18,12,12,15,16,17,19,15,13,15,16,13,14,15,17,16,13,14,12,10,11,11,9,10,11,11,14,13,13,12,14,14,11,13,10,8,9,7,8,8,12,11,10,5,6,7,8,5,5,6,6,3,2,2,1,0,0
611,Hounslow Central,0,12,16,24,21,32,38,38,42,42,38,47,42,39,38,50,50,65,57,70,70,53,62,69,62,75,51,49,61,64,61,77,66,74,54,66,72,56,70,51,53,43,48,37,42,46,43,53,57,51,50,42,39,41,41,39,37,32,30,25,22,24,19,17,23,20,19,10,14,11,8,6,7,7,6,3
612,Hounslow East,0,11,15,21,36,33,42,48,61,57,42,50,45,47,59,58,67,77,57,78,83,85,78,69,72,82,65,91,83,84,100,86,97,97,89,71,87,65,52,53,57,65,55,52,57,65,62,52,56,58,72,56,50,54,53,48,40,38,41,33,41,37,32,28,24,27,24,23,21,23,19,14,10,9,6,4
613,Hounslow West,2,10,19,23,23,32,32,44,35,37,34,40,33,37,32,43,52,45,59,55,74,74,66,56,78,62,78,75,60,80,81,75,81,59,62,60,47,42,44,48,42,48,33,37,35,50,37,39,36,41,38,37,48,43,39,36,36,34,26,25,21,23,22,18,21,20,23,18,14,16,13,12,10,8,5,2
614,Hyde Park Corner,0,0,0,0,0,2,5,8,10,12,13,14,16,17,16,11,17,20,26,28,34,51,56,58,88,99,121,122,166,151,119,158,162,156,146,146,145,126,126,146,151,135,185,206,159,174,207,198,212,208,189,139,194,176,162,128,107,133,75,91,75,62,59,46,37,44,43,43,40,50,49,48,46,47,42,24
615,Ickenham,0,0,0,0,0,0,2,2,2,3,5,5,4,4,3,4,7,12,11,13,13,12,13,12,10,14,14,13,12,11,12,14,13,11,9,9,10,9,8,7,8,8,6,9,11,8,5,5,6,9,10,11,7,6,7,7,6,4,4,3,3,2,2,2,2,3,4,4,4,4,2,1,1,2,1,1
616,Kennington,0,0,0,0,0,0,0,4,15,30,24,24,26,34,38,45,41,53,49,57,57,81,71,75,72,88,100,87,93,82,98,77,102,97,97,95,85,64,65,80,71,84,76,66,50,52,63,57,64,69,62,78,64,71,61,61,59,46,35,36,31,27,28,31,27,21,23,25,26,27,22,22,21,19,11,5
617,Kensal Green,0,0,0,0,0,0,1,4,10,13,15,12,19,25,21,23,36,34,43,35,55,46,39,45,38,39,52,46,47,48,43,48,50,53,47,43,42,37,43,44,32,41,36,30,32,32,27,31,30,31,25,36,37,29,31,30,28,24,20,22,21,21,17,13,17,17,11,13,15,10,10,11,9,7,5,2
618,Kensington (Olympia),0,0,0,0,0,0,0,0,0,0,0,0,10,8,5,5,6,10,14,13,13,24,31,22,22,15,19,26,32,43,59,55,63,63,76,82,70,83,124,148,129,103,97,115,161,163,147,173,138,113,109,96,98,76,70,88,105,86,80,50,66,42,25,29,47,43,25,14,9,14,14,18,14,5,4,0
619,Kentish Town,0,0,0,0,0,0,0,7,14,18,18,21,27,36,34,35,40,39,46,59,70,56,68,72,71,93,96,98,102,97,78,110,94,94,111,82,83,93,114,101,104,121,112,83,81,99,101,89,84,95,64,77,107,96,75,86,69,69,51,52,55,48,46,35,31,38,44,39,49,40,102,146,221,100,19,3
620,Kenton,0,0,0,0,1,1,3,8,16,18,17,15,14,23,21,22,25,29,22,34,42,34,22,30,28,29,26,27,28,25,31,22,23,34,25,27,27,25,28,26,23,26,24,24,23,19,18,16,20,23,21,18,14,15,17,18,12,14,17,14,13,18,16,11,11,9,7,7,5,3,3,3,3,3,2,2
621,Kew Gardens,0,0,0,0,0,0,0,0,3,5,8,9,9,12,14,17,19,24,23,30,43,42,42,43,50,55,46,54,44,48,50,47,49,58,56,58,73,53,57,58,65,77,80,94,84,105,96,99,88,93,82,68,80,61,40,27,24,24,16,16,12,11,9,10,11,10,8,6,8,9,8,6,5,3,1,1
622,Kilburn,0,0,0,0,0,0,0,17,41,45,55,67,57,71,72,76,115,107,99,94,129,111,126,149,165,176,135,152,163,140,137,123,149,135,142,171,143,129,140,143,153,148,152,145,116,113,106,113,136,137,124,117,99,119,91,85,75,84,79,61,49,55,59,58,64,64,53,51,40,53,53,54,41,34,31,14
623,Kilburn Park,0,0,0,0,0,0,0,5,12,21,22,26,27,25,26,35,46,45,45,51,56,65,64,72,76,73,59,68,66,71,56,53,78,63,69,75,69,52,68,60,58,55,64,53,54,53,47,51,72,54,50,46,45,52,60,41,38,32,35,27,28,28,25,24,25,20,19,21,17,20,20,22,18,17,9,4
624,Kingsbury,0,0,0,0,0,0,14,29,34,36,30,41,32,37,37,42,48,44,46,40,64,59,66,52,66,48,60,52,55,70,61,64,62,61,54,57,60,53,45,56,46,42,34,36,42,54,43,38,27,33,37,27,27,36,28,29,33,29,24,21,23,21,18,22,18,16,13,13,13,12,10,7,8,6,4,3
625,King's Cross St. Pancras,0,0,0,0,0,0,80,169,207,244,160,201,212,281,306,447,602,796,984,952,1373,1490,1461,1191,1315,1450,1213,1377,1203,1188,1708,1164,1385,1583,1206,1527,1423,1168,1666,1207,1395,956,1396,1317,1159,1610,1840,1709,1549,1805,1464,1921,1711,1597,1386,1489,1753,1644,1740,1497,1224,1398,970,1204,761,1179,1209,1182,1149,833,825,567,532,563,315,205
626,Knightsbridge,0,0,0,0,0,3,10,15,20,22,27,25,25,23,29,29,36,40,62,79,87,104,154,108,143,132,142,173,199,393,454,557,486,590,463,711,534,690,566,742,555,779,718,878,769,846,618,916,867,927,819,972,1158,1123,772,615,417,238,203,171,189,146,99,116,100,107,138,101,133,88,87,145,156,145,80,52
627,Ladbroke Grove,0,0,0,0,1,3,5,7,8,11,10,14,20,21,22,28,26,25,34,34,41,52,53,59,53,61,76,97,82,104,87,85,112,96,94,114,83,99,100,107,99,120,106,101,103,119,93,107,95,86,80,63,76,79,61,47,42,36,45,31,35,29,34,25,31,25,28,27,25,27,20,27,24,21,14,8
628,Lambeth North,0,0,0,0,0,0,0,0,10,12,12,15,16,20,20,36,33,43,54,68,69,58,72,61,60,65,70,52,80,85,88,88,89,79,78,62,85,68,72,74,79,83,79,87,87,64,61,66,61,56,63,57,79,62,49,43,42,34,23,22,25,23,21,16,14,12,12,11,12,12,11,11,10,9,6,4
629,Lancaster Gate,0,0,0,0,0,0,3,13,22,22,25,26,27,40,58,85,99,129,205,165,168,194,199,193,167,131,143,174,155,111,127,114,120,129,102,86,132,120,137,140,118,137,111,153,135,110,132,129,142,101,108,101,95,98,86,108,84,63,81,63,79,55,51,48,32,28,32,34,34,28,27,48,44,44,17,4
630,Latimer Road,0,0,0,0,1,2,2,3,4,5,6,7,8,8,6,8,10,11,9,9,13,17,13,13,21,19,20,18,20,21,19,27,26,25,25,20,22,19,17,21,15,20,17,15,18,21,21,23,31,24,19,19,21,19,15,21,21,20,13,14,14,16,10,13,17,14,10,10,10,8,6,5,6,5,3,1
631,Leicester Square,0,0,0,0,0,0,34,41,59,64,61,59,43,45,45,45,45,62,70,85,90,118,173,150,179,239,189,191,233,356,357,472,472,603,477,590,761,876,801,1027,1055,767,1116,811,893,1121,961,1115,903,1311,1444,1157,1303,1138,1284,1153,1134,1231,1236,1235,937,831,889,1095,986,903,713,760,1019,903,820,802,945,608,309,65
632,Leyton,0,0,0,0,0,0,29,117,210,202,157,147,175,175,165,141,212,236,252,191,254,201,198,236,254,276,281,240,285,273,269,229,241,282,306,303,279,244,274,189,184,248,236,207,222,224,210,174,181,195,190,161,170,123,115,149,112,131,112,107,86,77,64,57,77,80,63,64,52,42,42,40,32,24,14,4
633,Leytonstone,0,0,0,0,0,4,30,100,118,104,113,104,101,99,96,106,138,149,148,150,156,153,156,158,194,202,178,162,189,211,193,221,211,196,193,193,145,190,161,126,187,157,166,162,144,119,146,108,102,106,106,134,99,105,97,101,84,64,62,67,67,62,64,50,58,50,37,49,40,36,32,34,31,18,12,4
634,Liverpool Street,0,0,0,0,0,1,43,93,170,174,150,125,99,120,227,263,349,321,383,424,422,503,513,517,567,811,678,811,1104,898,1120,1140,1199,924,1175,1374,1036,1479,1334,1070,1158,1105,1057,1300,1228,1069,1326,1446,1364,1233,1187,1416,1077,886,1021,874,688,628,695,509,476,424,372,383,347,398,304,351,381,280,292,291,276,277,249,167
635,London Bridge,0,0,0,0,0,1,3,10,236,340,356,279,385,297,337,408,395,456,526,618,559,607,707,606,744,714,814,1083,1168,949,880,996,892,1053,967,1183,911,1005,889,801,882,1037,926,773,1055,849,1160,823,1263,1119,928,959,960,1059,761,973,673,904,684,677,634,437,535,405,488,405,421,383,442,308,335,275,242,201,208,85
636,Loughton,0,0,0,0,0,2,5,8,8,10,9,12,12,15,12,18,22,18,22,27,31,34,46,35,44,55,55,48,42,40,52,46,37,39,37,34,30,34,36,31,31,37,27,31,28,37,30,33,29,27,23,25,30,24,22,21,15,15,10,9,9,9,7,8,7,7,6,6,6,4,4,5,4,2,1,1
637,Maida Vale,0,0,0,0,0,0,0,2,6,10,11,12,16,19,17,18,28,34,28,31,45,43,59,45,55,67,65,70,61,69,79,61,58,82,77,59,47,52,61,58,43,49,52,41,48,56,54,39,50,45,41,41,35,44,40,34,32,29,25,25,22,23,14,17,18,14,16,13,15,14,13,14,13,12,7,6
638,Manor House,0,0,0,0,0,0,0,53,82,119,87,91,121,97,124,120,158,126,134,160,145,222,220,150,183,187,188,149,208,168,218,218,164,212,177,181,216,152,169,134,156,163,126,142,137,174,154,141,121,118,107,115,134,139,120,104,113,103,83,58,74,61,55,75,54,67,51,51,58,57,38,35,29,21,13,8
639,Mansion House,0,0,0,0,0,0,4,7,6,4,4,4,3,3,4,5,7,10,10,14,12,17,20,25,25,27,27,40,39,48,38,41,38,46,61,49,38,36,51,51,57,58,43,66,55,70,53,64,49,59,56,59,48,47,47,31,34,29,23,18,18,20,16,15,12,16,16,23,17,12,11,9,8,6,5,3
640,Marble Arch,0,0,0,0,0,0,0,37,38,48,43,45,46,51,42,62,80,123,127,168,139,192,263,264,251,189,193,225,174,248,217,261,316,247,236,305,298,256,301,293,395,378,435,425,345,357,467,396,368,518,394,568,597,518,437,439,287,323,213,281,286,229,160,127,140,101,117,108,130,97,140,164,139,123,81,16
641,Marylebone,0,0,0,0,0,0,1,1,5,10,12,11,5,37,59,44,24,59,81,90,86,110,118,210,222,140,147,176,205,114,103,144,153,126,90,139,154,116,98,138,126,121,102,165,187,117,117,227,174,116,121,233,269,153,160,168,178,105,114,177,195,124,110,128,103,3,72,104,83,12,43,60,60,17,14,7
642,Mile End,0,0,0,0,14,24,42,59,73,101,80,75,118,101,84,104,119,139,137,144,173,181,230,239,220,233,309,244,267,281,236,293,238,257,239,249,287,295,236,206,256,272,254,259,227,187,206,163,169,216,246,223,159,211,204,172,174,178,121,124,144,123,87,86,86,79,91,82,62,68,62,64,60,54,56,33
643,Mill Hill East,0,0,0,0,0,0,0,0,4,4,4,3,1,2,5,9,12,12,16,13,9,7,8,6,11,14,13,9,17,21,20,17,24,18,16,11,8,8,12,12,17,14,10,8,12,12,13,12,14,13,13,7,6,11,13,8,7,5,5,6,8,3,3,4,3,0,2,3,3,3,4,3,2,2,2,1
645,Moorgate,0,0,0,0,0,0,4,11,16,13,11,11,12,15,16,21,25,22,31,33,35,41,53,49,43,58,57,70,62,58,72,76,63,69,75,69,75,62,89,80,75,86,90,94,124,99,123,122,116,80,76,91,90,88,80,81,84,62,51,46,53,43,41,30,45,42,48,51,47,35,50,33,30,20,17,8
646,Moor Park,0,0,0,0,0,1,1,2,2,2,3,3,2,2,4,4,4,5,5,5,6,6,7,6,5,4,6,7,8,6,5,5,7,9,8,5,4,5,4,4,4,5,6,5,9,10,10,7,7,7,6,4,6,7,5,5,4,3,1,2,2,2,1,1,1,1,1,1,1,2,2,2,1,1,0,0
647,Morden,0,0,0,0,0,0,23,50,82,54,51,64,78,82,62,80,89,107,84,97,105,95,106,122,129,141,118,108,128,114,126,103,111,87,82,78,83,98,88,86,78,78,65,63,68,77,70,83,89,90,99,70,66,89,84,65,71,51,42,45,40,47,38,41,35,27,28,26,32,22,22,16,14,8,4,1
648,Mornington Crescent,0,0,0,0,0,0,8,26,45,29,10,9,11,13,10,13,15,21,19,26,23,28,28,30,31,27,32,39,42,37,51,42,169,394,585,615,621,467,497,543,536,609,620,517,685,657,497,701,384,286,124,64,56,54,39,41,39,40,39,27,27,21,22,22,21,21,20,23,21,22,25,72,116,81,21,0
649,Neasden,0,0,0,0,0,0,3,15,30,28,23,22,29,27,35,32,38,34,40,33,41,42,41,32,42,49,35,44,40,39,33,38,53,46,46,41,43,48,35,45,36,34,32,36,44,48,41,43,34,48,38,45,29,36,25,28,25,26,21,19,17,23,16,13,14,11,11,10,12,10,10,9,9,7,5,3
650,Newbury Park,0,0,0,0,0,3,36,52,74,50,51,60,63,52,43,54,56,61,67,74,89,83,99,86,101,77,72,79,68,69,82,64,63,70,71,53,49,52,50,46,50,45,48,40,40,42,34,44,39,34,34,42,38,30,30,32,23,25,26,23,19,21,20,19,15,16,15,13,13,12,8,6,3,2,1,0
653,North Acton,0,0,0,0,0,2,11,24,33,34,38,27,32,49,49,56,63,85,62,63,85,65,76,85,83,97,95,70,86,99,93,87,69,71,79,73,66,94,74,61,59,68,71,72,70,75,61,62,61,52,63,57,44,63,66,40,53,46,47,40,30,39,38,32,33,27,28,23,24,19,15,17,17,14,9,6
654,North Ealing,0,0,0,0,0,0,0,4,4,3,2,3,4,5,5,7,7,9,10,12,14,11,12,12,14,15,14,12,14,16,12,16,14,15,14,15,14,11,10,9,10,9,8,9,9,10,9,7,7,8,8,8,9,10,8,7,5,5,4,5,4,5,4,4,3,4,4,3,3,2,2,2,2,2,2,1
655,Northfields,0,0,6,19,24,23,18,25,24,23,24,21,31,33,35,43,49,56,42,56,59,64,52,73,67,76,52,65,74,60,61,73,68,69,70,53,44,62,49,51,42,49,37,41,40,41,49,33,37,51,36,43,45,45,38,30,29,26,24,18,21,21,20,14,16,16,15,13,9,11,12,16,12,10,6,5
656,North Harrow,0,0,0,0,0,0,3,7,8,5,5,8,11,13,14,10,11,12,15,13,11,14,20,17,19,18,20,19,18,16,16,20,18,16,15,15,14,13,14,13,11,11,11,11,12,12,9,9,8,11,11,11,9,10,10,9,7,7,5,7,6,6,4,3,3,4,4,4,3,3,2,3,2,3,2,1
657,Northolt,0,0,0,0,0,17,36,49,39,36,36,47,46,43,32,45,55,66,64,72,69,60,79,76,85,75,82,73,64,99,75,72,83,71,81,67,71,62,56,54,54,58,53,48,49,38,41,47,44,43,39,37,36,45,48,43,30,33,35,26,26,26,21,20,21,19,19,19,18,17,13,12,8,6,4,1
659,North Wembley,0,0,0,0,0,0,1,5,12,19,17,13,9,13,15,19,17,27,20,21,29,20,19,23,23,28,29,26,27,28,33,34,28,24,27,25,27,23,25,22,26,25,22,20,21,19,14,20,20,19,23,19,19,14,14,14,12,15,12,11,10,13,11,11,9,10,7,7,7,5,3,3,3,2,1,1
660,Northwick Park,0,0,0,0,0,1,10,25,23,23,28,24,38,45,46,44,41,43,34,40,51,58,45,42,50,48,45,49,51,51,42,47,43,45,44,38,38,43,38,33,36,36,32,39,33,39,36,35,47,48,37,38,37,36,28,31,29,28,26,34,36,36,29,22,20,15,14,13,16,12,9,9,8,6,6,5
661,Northwood,1,0,0,0,0,0,3,5,5,6,5,9,12,16,12,14,16,20,23,24,29,36,33,35,34,30,27,36,35,24,24,28,35,25,25,22,23,28,21,20,18,17,16,14,16,21,19,21,17,24,21,17,17,18,17,16,12,10,10,9,10,11,8,6,7,7,5,4,3,5,5,4,4,4,2,2
662,Northwood Hills,0,0,0,0,1,1,3,6,7,6,6,6,7,7,9,12,12,11,12,13,16,15,13,15,22,21,18,18,17,18,17,19,17,18,16,18,20,17,14,14,15,13,13,13,10,10,11,9,9,9,12,10,10,10,11,8,9,7,7,5,6,6,7,3,3,5,5,5,4,5,5,5,3,5,5,4
663,Notting Hill Gate,0,0,0,0,0,0,8,24,28,32,41,46,62,69,51,74,79,90,130,159,165,155,167,222,203,200,198,211,273,357,285,282,279,415,302,404,336,372,424,311,334,414,378,430,406,338,363,318,332,369,392,385,343,339,334,278,209,252,207,187,182,145,166,129,150,121,144,129,117,124,112,154,126,132,76,33
664,Oakwood,0,0,0,0,0,0,10,16,26,24,27,25,22,31,25,40,37,32,39,55,64,48,56,64,66,65,64,59,47,56,45,62,54,53,49,56,49,44,31,31,32,29,33,32,33,36,29,35,43,35,37,49,41,33,25,32,25,22,17,14,15,17,11,9,9,9,8,7,8,6,6,4,3,1,0,0
665,Old Street,0,0,0,1,0,0,0,0,30,62,74,46,58,63,67,80,116,140,195,184,161,239,224,223,259,227,202,273,226,244,264,258,277,255,248,221,268,310,268,240,238,232,299,241,317,230,267,286,217,311,203,243,229,232,190,164,175,167,174,132,149,156,143,131,142,142,114,117,136,108,147,161,130,160,79,36
667,Osterley,0,5,5,6,7,11,11,16,20,19,15,19,22,20,16,20,23,29,32,30,45,49,48,53,48,59,42,37,38,53,43,41,52,44,38,49,42,31,30,34,30,32,26,34,35,27,34,27,33,26,28,25,25,27,21,20,18,16,15,14,16,16,14,10,11,12,11,8,9,8,7,7,6,4,3,2
668,Oval,0,0,0,0,0,0,0,7,24,41,42,29,36,42,44,44,51,71,91,78,91,87,82,94,94,96,109,97,112,101,121,101,116,121,123,103,116,109,109,96,85,85,79,94,101,78,78,97,98,84,71,93,83,99,100,86,83,101,83,61,58,62,40,44,40,36,36,29,39,34,36,27,26,25,16,6
669,Oxford Circus,0,0,0,0,0,0,17,48,71,66,67,60,57,59,59,58,76,95,111,108,136,154,238,211,307,231,270,273,404,597,538,885,855,817,841,1120,1324,1174,1146,1311,1305,1455,1842,1837,2067,1561,1895,2078,1940,1523,2117,2009,2639,2110,1829,1416,1363,1074,837,870,819,643,538,557,532,439,466,432,464,425,316,414,318,293,146,89
670,Paddington,0,0,0,0,0,1,4,16,106,169,115,108,120,239,280,297,392,558,708,786,702,878,813,618,627,839,857,661,717,632,769,786,830,712,717,618,639,826,801,822,768,636,695,790,837,860,612,712,748,881,776,927,916,816,904,978,743,757,650,932,610,880,673,628,588,557,419,400,488,373,280,252,266,230,221,107
671,Park Royal,0,0,0,0,0,0,2,5,8,9,7,6,6,6,8,9,9,12,10,10,13,13,11,11,14,13,12,14,14,16,17,18,17,14,16,18,16,17,12,14,16,15,20,19,18,20,19,21,20,20,18,18,18,17,18,14,13,15,10,13,15,13,15,13,14,12,11,9,8,10,12,10,8,8,7,4
672,Parsons Green,0,0,0,0,0,1,4,7,10,12,11,14,18,21,24,33,29,37,36,52,61,63,77,71,89,80,76,93,80,78,113,113,82,71,67,67,93,67,67,65,68,92,73,55,74,75,82,71,74,74,56,66,60,53,53,55,47,41,40,31,40,34,23,25,26,26,26,26,25,23,17,22,23,18,14,7
673,Perivale,0,0,0,0,0,4,10,13,16,15,15,16,17,18,17,19,22,24,26,26,31,33,34,39,41,38,37,34,31,36,32,33,36,37,29,27,34,29,25,31,25,24,22,20,25,21,23,24,20,25,16,22,25,22,19,20,17,13,15,11,11,7,8,9,9,8,8,8,6,6,7,7,5,4,2,1
674,Piccadilly Circus,0,0,0,0,0,23,50,73,55,59,42,44,45,49,39,49,66,73,88,110,102,154,192,196,182,218,234,203,303,365,437,365,504,620,616,782,779,751,708,881,835,837,898,1052,1003,1061,1244,1227,1180,1204,1239,1259,1438,1498,1271,864,1001,836,769,1036,957,878,774,745,743,829,822,891,864,863,667,629,727,471,308,136
675,Pinner,0,0,0,0,0,1,3,7,8,6,6,7,8,11,12,12,15,23,23,22,21,23,32,32,27,36,39,35,34,32,36,32,33,36,31,34,23,20,16,16,22,27,26,22,24,24,19,19,21,20,14,14,18,16,15,16,14,13,8,7,6,6,7,7,6,6,6,7,7,5,5,6,6,5,3,2
676,Plaistow,0,0,5,10,23,32,63,70,66,78,72,79,66,88,81,77,105,100,88,91,85,93,117,105,98,106,116,88,90,76,106,106,79,110,104,77,97,106,73,73,71,79,68,59,66,82,79,66,69,62,76,65,62,78,61,71,54,73,67,53,46,39,28,34,32,31,28,27,25,24,22,21,15,11,9,5
677,Preston Road,0,0,0,0,0,0,10,26,38,33,30,28,32,29,35,31,41,36,42,43,46,41,43,49,46,55,65,55,39,43,55,63,55,58,51,50,40,39,40,41,39,39,26,29,29,33,35,32,31,26,23,30,25,24,22,21,23,24,21,17,16,20,20,19,16,15,16,13,10,8,7,6,7,5,4,3
678,Putney Bridge,0,0,0,0,0,2,6,12,14,18,17,20,29,28,37,40,59,59,55,68,66,77,88,95,107,86,103,103,122,113,122,112,100,99,100,107,103,109,102,104,82,86,82,78,79,86,91,82,89,102,91,82,63,94,79,85,60,57,43,44,37,27,29,28,27,20,21,22,27,23,24,27,32,21,14,7
679,Queensbury,0,0,0,0,0,0,18,34,43,33,34,37,37,29,33,41,38,39,43,38,46,53,48,47,41,57,52,48,40,36,37,40,37,49,39,42,45,32,35,36,42,38,37,40,36,37,33,29,32,31,28,26,25,31,32,22,22,16,15,16,15,16,14,14,13,12,11,13,11,9,7,7,5,5,4,3
680,Queen's Park,0,0,0,0,0,1,2,10,20,23,22,27,33,34,36,46,48,69,68,72,80,93,95,73,77,97,114,125,129,99,96,129,112,107,125,83,109,88,85,67,68,93,72,68,86,65,81,59,62,58,66,57,66,75,71,44,52,47,48,39,43,39,25,28,29,29,27,29,25,25,17,16,14,10,10,4
681,Queensway,0,0,0,0,0,0,6,20,22,23,24,37,51,48,77,111,150,155,228,234,260,235,228,234,236,233,224,202,144,151,173,193,193,138,167,165,196,215,173,154,199,191,203,209,160,203,170,153,213,178,131,134,152,218,182,162,166,154,118,138,97,105,84,88,99,91,71,78,89,84,104,95,90,104,55,27
682,Ravenscourt Park,0,0,0,0,1,3,4,5,6,7,6,8,7,14,14,17,18,20,22,30,28,32,33,32,31,43,37,28,40,35,38,31,32,37,29,40,34,35,25,29,28,28,34,28,36,39,31,34,38,34,32,33,34,32,30,20,22,22,21,20,25,22,18,14,13,15,12,12,12,23,27,21,10,12,6,4
683,Rayners Lane,0,0,0,0,0,4,13,24,20,15,18,27,29,29,24,27,46,38,33,48,61,57,55,57,45,68,59,62,53,63,50,56,51,59,56,60,55,51,36,37,37,53,49,34,37,37,37,35,34,39,36,35,33,38,37,28,24,31,28,26,19,19,21,19,18,16,17,17,23,18,15,11,9,11,6,5
684,Redbridge,0,0,0,0,0,0,8,23,24,27,20,22,25,27,32,33,36,44,40,51,55,56,43,48,52,45,57,46,50,55,54,44,37,43,43,44,35,39,36,28,24,30,23,26,28,29,30,32,32,31,27,34,35,29,23,23,17,17,17,15,16,14,12,11,10,10,8,9,10,6,7,8,6,5,0,0
685,Regent's Park,0,0,0,0,0,0,0,0,0,4,5,5,9,13,14,14,13,16,18,18,23,24,28,30,27,42,41,32,29,39,36,35,39,44,39,43,39,43,43,52,61,56,57,71,61,85,68,53,69,52,44,43,38,39,32,35,26,30,21,17,23,24,20,14,12,11,11,10,9,10,8,7,7,7,5,3
686,Richmond,0,0,0,0,0,2,5,5,9,15,18,20,30,24,40,49,65,79,118,79,93,132,148,163,165,152,162,173,126,160,200,157,136,145,152,108,91,121,102,101,99,94,75,78,112,116,115,145,112,116,109,95,103,66,58,56,55,37,44,36,22,20,22,18,19,17,16,22,27,31,38,31,31,17,7,3
687,Rickmansworth,0,0,0,0,0,2,3,4,5,8,8,10,11,14,9,13,14,14,16,15,13,18,19,16,18,21,21,22,20,19,20,19,21,24,17,13,12,16,18,13,13,18,21,16,19,16,16,17,17,18,16,19,18,17,12,12,12,9,7,8,9,11,9,6,5,8,6,7,6,6,6,6,5,3,3,2
688,Roding Valley,0,0,0,0,0,0,0,0,0,0,0,1,1,1,1,1,0,0,1,1,1,1,1,1,4,6,6,3,3,2,2,1,3,2,4,2,3,1,2,1,1,0,2,3,3,3,3,4,2,1,1,3,2,0,1,1,0,0,0,1,0,0,0,0,0,0,0,0,0,0,0,0,0,0,0,0
690,Royal Oak,0,0,0,0,0,2,2,3,5,6,7,7,8,9,11,10,11,11,13,11,18,17,18,23,27,24,27,25,23,30,33,27,31,40,34,30,29,28,27,23,28,30,29,39,39,25,26,28,24,33,27,29,34,36,37,34,24,27,25,18,20,21,16,16,18,13,15,17,17,14,13,12,11,12,9,5
691,Ruislip,0,0,0,0,0,1,3,5,5,7,6,5,5,8,10,15,17,16,15,16,20,23,25,21,21,22,21,19,21,25,21,19,20,22,20,18,20,17,20,18,17,21,18,15,15,19,17,16,16,11,10,13,13,16,16,13,12,9,9,8,10,7,6,6,6,4,4,4,5,5,5,3,3,3,2,2
692,Ruislip Gardens,0,0,0,0,0,3,5,7,5,5,5,6,6,9,8,9,10,12,14,12,11,11,11,17,21,18,21,19,18,25,27,18,17,15,15,15,14,15,17,17,14,10,9,9,7,6,8,6,6,6,8,7,7,7,7,8,7,6,5,4,3,3,3,3,2,2,2,3,3,2,1,1,1,1,0,0
693,Ruislip Manor,0,0,0,0,0,0,5,4,5,6,5,5,9,10,10,9,9,12,11,15,17,16,17,18,18,26,20,20,26,30,24,31,22,19,21,15,17,16,17,15,14,13,14,13,11,11,13,15,14,14,11,13,15,13,9,6,5,7,6,5,6,7,6,5,5,6,5,5,5,6,5,4,4,3,2,1
694,Russell Square,0,0,0,0,0,0,21,34,39,40,50,51,76,91,146,197,252,274,279,354,401,394,318,285,255,221,228,174,216,175,184,176,188,207,231,212,226,227,247,227,263,257,212,257,209,248,272,237,226,220,243,296,245,198,174,178,168,159,152,133,165,152,133,108,83,78,74,102,81,104,67,93,105,83,42,17
695,St. James's Park,0,0,0,0,0,0,5,11,13,16,12,15,12,19,17,21,21,38,55,66,61,64,66,69,103,106,113,130,135,113,134,98,120,89,77,83,100,111,91,79,106,104,125,109,88,102,113,91,80,68,67,87,103,99,62,61,61,56,37,44,34,32,25,19,28,24,19,15,16,16,20,17,20,22,13,5
696,St. John's Wood,0,0,1,0,0,0,0,4,9,17,18,20,31,36,35,32,39,43,53,64,63,83,94,80,82,97,119,139,133,125,124,116,143,153,122,119,101,110,130,110,115,107,136,137,95,104,138,108,136,118,117,97,108,88,83,95,70,64,61,52,44,48,47,55,42,48,32,27,28,27,28,26,25,22,18,7
697,St. Paul's,0,0,0,0,0,0,0,8,17,19,14,14,20,16,23,19,31,31,46,49,64,85,77,112,108,146,144,138,170,155,202,181,244,222,196,252,241,192,189,218,253,270,201,207,314,289,280,208,265,241,265,220,299,239,179,168,146,157,110,83,90,67,65,57,53,63,56,56,52,40,41,50,40,37,17,6
698,Seven Sisters,0,0,0,0,0,3,61,140,154,189,184,148,140,179,159,153,179,210,183,233,246,197,208,234,276,277,220,255,205,225,232,284,209,287,266,256,280,214,253,218,204,190,192,206,176,170,145,139,179,220,190,166,149,182,135,166,147,129,143,118,118,122,88,82,100,88,96,68,81,69,60,50,53,49,32,13
700,Shepherd's Bush (Cen),0,0,0,0,0,18,39,48,61,59,74,62,88,76,92,93,129,180,194,166,203,282,290,192,251,277,254,260,229,282,316,240,381,406,365,298,383,314,423,442,410,476,399,386,549,509,507,556,514,603,535,636,911,871,593,537,444,424,283,343,302,233,181,233,163,170,176,157,144,215,247,293,291,191,80,7
702,Sloane Square,0,0,0,0,0,4,9,11,15,19,23,18,24,30,34,40,48,59,62,78,81,101,123,112,138,161,149,160,134,179,230,205,179,235,256,227,234,262,257,235,238,341,262,321,289,350,293,445,416,478,334,284,389,296,269,207,197,137,115,122,108,96,83,84,89,88,78,76,95,71,66,86,69,56,45,28
703,Snaresbrook,0,0,0,0,0,0,5,9,10,9,9,15,13,17,14,19,22,22,18,20,21,32,27,30,41,45,34,46,38,32,38,38,36,44,37,28,33,28,24,24,26,23,20,25,26,29,22,20,18,22,22,18,18,26,19,16,12,12,14,12,10,10,8,8,6,7,5,4,3,6,7,8,4,2,1,2
704,South Ealing,0,0,0,3,7,9,10,17,15,17,16,18,24,26,24,33,35,42,42,40,43,56,53,43,42,52,50,51,51,54,52,52,65,46,60,46,51,48,37,42,41,45,37,37,29,37,32,35,33,43,41,38,39,41,34,26,25,27,19,17,22,19,15,14,18,20,13,12,15,11,9,8,12,10,9,3
705,Southfields,0,0,0,0,0,2,8,16,22,32,30,31,40,49,46,51,64,51,66,83,89,106,100,103,90,106,123,106,124,141,118,110,105,116,110,110,79,85,86,76,88,82,53,72,68,81,67,56,71,68,70,52,56,53,52,39,41,32,33,23,23,17,17,17,20,18,12,14,13,13,11,9,6,7,6,4
706,Southgate,0,0,0,0,0,0,8,26,32,21,22,29,32,43,37,44,44,66,57,63,75,82,78,61,67,87,92,70,75,74,100,84,78,75,83,68,71,68,66,59,70,67,64,58,48,59,46,47,59,57,54,43,43,51,47,43,33,40,29,31,27,21,26,25,25,22,19,21,21,15,12,15,11,7,3,3
707,South Harrow,0,0,0,0,0,7,19,24,24,21,20,18,17,23,26,20,32,33,28,34,36,38,33,29,28,37,31,27,24,36,38,28,35,33,31,31,30,28,26,26,29,26,25,25,28,24,24,29,23,26,20,23,25,25,25,21,14,15,14,14,16,14,14,11,11,13,12,11,10,8,8,7,6,4,4,4
708,South Kensington,0,0,0,0,2,8,18,33,29,37,42,50,50,81,86,114,101,139,125,151,235,251,263,228,322,387,385,454,460,418,514,540,512,617,644,666,812,749,780,838,748,695,896,1017,814,1047,830,1204,988,949,921,1216,963,791,570,500,475,401,312,365,381,282,449,406,257,211,240,243,309,215,214,269,275,207,126,62
709,South Kenton,0,0,0,0,0,0,0,0,1,2,4,9,10,8,6,11,10,8,7,12,14,11,10,11,9,9,11,17,12,13,10,12,11,12,13,16,15,10,10,12,18,12,14,6,7,6,9,9,11,6,4,8,9,11,6,8,8,6,2,4,5,8,6,7,2,2,3,4,3,5,5,3,2,2,1,0
710,South Ruislip,0,0,0,0,0,4,6,7,6,8,7,9,10,12,15,17,19,23,19,21,21,24,24,30,30,35,29,33,33,35,30,30,36,31,23,29,25,20,15,19,19,20,17,18,17,17,17,15,13,16,15,19,20,19,16,14,15,14,11,10,8,6,6,6,5,5,4,4,3,4,4,3,2,2,1,0
711,South Wimbledon,0,0,0,0,0,0,5,11,19,20,17,16,21,25,27,22,32,29,40,32,40,40,49,41,53,54,60,56,51,49,53,59,61,51,50,59,55,56,42,44,47,45,39,40,46,51,44,38,44,56,43,47,57,53,31,31,35,29,29,21,20,21,22,18,19,20,19,19,26,20,19,19,14,7,1,2
712,South Woodford,0,0,0,0,0,0,4,11,15,13,15,13,16,16,21,22,39,39,50,55,47,63,57,59,73,70,75,92,62,86,76,69,71,75,73,82,69,47,38,37,42,29,32,32,34,26,32,28,28,35,31,32,23,22,28,22,21,24,17,15,12,15,13,10,10,11,10,8,9,10,10,10,11,3,2,1
713,Stamford Brook,0,0,0,0,1,3,5,6,7,7,8,12,18,14,15,13,20,25,27,25,37,33,36,33,42,36,37,45,35,45,39,45,41,39,34,42,35,29,32,33,38,33,26,31,28,26,20,24,32,30,26,34,34,30,23,22,21,17,16,18,23,18,14,10,12,11,10,8,10,12,14,9,5,5,4,3
714,Stanmore,0,0,0,0,0,1,11,16,21,17,15,16,27,31,26,32,41,60,59,53,71,65,73,75,87,77,49,61,65,70,58,51,65,47,46,48,55,43,40,33,34,29,36,39,44,42,38,44,55,45,41,52,40,44,43,39,35,29,21,20,18,20,15,14,13,12,13,11,15,14,14,11,10,7,6,4
715,Stepney Green,0,0,0,0,4,9,11,17,21,26,21,22,29,29,29,31,43,46,38,49,54,64,51,62,66,78,65,58,77,63,78,66,79,87,66,65,71,61,57,83,62,76,52,71,52,65,65,50,49,64,52,43,59,58,43,57,51,45,33,39,33,36,34,30,30,25,26,21,24,24,26,22,22,27,19,10
716,Stockwell,0,0,0,0,0,0,16,38,54,58,51,57,57,67,79,67,101,121,142,128,108,146,137,124,152,182,220,198,178,207,217,216,215,207,153,180,154,190,143,171,153,154,115,113,104,104,117,135,120,118,102,129,129,96,104,96,84,103,83,79,57,50,46,59,50,62,51,44,42,44,36,45,39,42,22,15
717,Stonebridge Park,0,0,0,0,0,0,3,15,23,24,19,17,16,23,21,24,27,29,35,35,34,33,40,41,39,35,31,34,37,30,33,37,43,40,35,39,42,44,44,45,28,38,38,33,38,45,35,42,56,49,33,38,27,39,37,36,28,29,23,25,20,19,18,18,19,11,13,15,14,13,13,11,9,8,8,6
718,Charing Cross,0,0,0,0,0,2,5,16,34,76,71,68,66,83,54,75,76,100,144,159,143,200,173,187,229,251,248,316,292,280,309,313,319,428,310,383,425,307,354,346,356,451,405,445,458,455,477,435,451,496,532,502,403,376,312,404,282,339,280,211,237,174,184,151,143,166,164,141,107,127,98,123,83,89,43,27
719,Stratford,0,0,0,13,36,55,146,343,401,394,349,406,354,378,442,379,436,444,395,397,480,603,604,501,555,518,469,457,576,813,789,692,1015,954,1136,1161,1269,1085,1452,1322,1331,1317,1253,1606,1694,1779,1470,1489,1278,1742,1247,1973,1815,2008,1179,1117,943,763,530,583,529,547,496,415,325,348,338,298,314,302,293,261,237,216,141,71
720,Sudbury Hill,0,0,0,0,0,4,15,22,24,19,18,21,16,18,20,20,27,33,23,25,25,27,26,22,24,29,28,24,30,32,30,29,31,24,26,25,23,25,23,22,22,16,18,20,21,22,22,18,18,19,20,15,24,22,18,14,13,10,10,11,11,11,9,8,8,6,8,6,6,7,6,5,4,4,3,2
721,Sudbury Town,0,0,0,0,0,1,13,30,35,29,27,29,28,24,21,24,35,38,33,29,40,39,31,29,32,39,34,34,28,34,34,36,32,31,33,27,34,27,34,27,32,25,28,23,27,26,22,23,19,20,25,24,25,21,23,25,21,17,18,15,12,14,15,14,16,14,13,11,8,7,6,5,5,5,4,3
723,Swiss Cottage,0,0,0,0,0,0,0,7,17,27,28,31,29,36,41,68,78,68,80,102,120,135,137,115,158,162,130,138,125,126,123,135,130,131,108,148,130,139,105,119,128,127,122,100,104,103,116,92,94,108,95,86,98,94,75,101,84,75,77,56,61,49,47,50,41,43,31,41,44,54,45,48,49,52,35,17
724,Temple,0,0,0,0,0,1,4,5,5,4,7,7,7,5,6,7,11,11,13,16,22,23,25,19,19,31,28,30,43,47,50,48,46,33,51,53,45,51,58,78,67,79,62,68,71,76,100,84,100,86,106,97,81,57,74,66,66,57,51,40,42,38,56,50,39,35,30,33,31,25,27,30,21,21,16,10
725,Theydon Bois,0,0,0,0,0,0,2,2,1,2,2,4,6,6,5,5,5,5,5,6,7,7,7,9,9,10,9,10,8,9,9,10,9,8,7,8,9,12,9,10,11,12,9,8,9,13,15,14,11,9,12,10,9,5,5,5,5,4,4,4,4,3,2,2,2,2,1,4,5,4,1,2,1,1,1,0
726,Tooting Bec,0,0,0,0,0,0,0,19,27,39,38,37,37,49,52,53,68,72,61,74,94,103,104,118,136,119,135,150,138,159,136,163,162,135,141,108,111,113,93,109,100,83,74,94,87,100,70,68,76,79,81,81,85,69,71,76,65,50,53,41,39,35,34,34,41,41,29,30,30,29,22,27,16,12,6,4
727,Tooting Broadway,0,0,0,0,0,0,24,66,98,80,89,81,92,116,106,142,147,168,157,160,130,214,155,204,241,231,192,245,210,242,245,204,234,277,258,185,208,184,217,183,237,187,164,202,186,214,175,162,221,165,157,201,157,157,143,110,104,104,98,92,117,104,77,82,89,76,69,57,59,56,43,50,36,18,4,5
728,Tottenham Court Road,0,0,0,0,0,0,19,65,71,74,48,40,36,35,58,66,64,70,115,116,157,169,158,190,214,226,225,191,238,248,420,473,432,448,420,445,561,536,636,642,674,833,775,894,931,805,680,997,971,809,838,1221,1157,1075,717,549,532,493,625,543,637,412,346,334,371,285,303,376,404,380,361,292,396,226,101,28
729,Tottenham Hale,0,0,0,0,0,0,15,27,55,55,50,46,49,84,80,70,75,113,93,110,142,158,150,149,144,203,133,127,137,191,166,183,160,174,189,151,140,200,142,144,156,195,152,153,153,172,175,154,166,200,175,167,185,199,166,143,140,145,117,110,86,95,92,79,65,74,60,58,54,53,38,39,39,48,28,17
730,Totteridge & Whetstone,0,0,0,0,0,0,2,6,7,6,5,9,10,11,9,13,13,16,17,18,17,23,28,32,36,39,26,28,34,28,27,34,26,26,28,30,23,24,19,15,13,16,13,18,15,17,16,17,19,19,13,11,16,17,15,14,12,8,8,7,6,6,6,6,7,7,4,3,3,5,7,7,4,1,0,0
731,Tower Hill,0,0,0,0,0,4,17,41,57,56,68,63,75,77,95,126,147,225,263,248,256,328,363,337,443,495,433,455,509,450,544,430,569,515,410,519,494,547,422,599,441,471,431,599,659,665,599,463,559,513,526,498,482,391,269,323,320,315,203,189,182,160,175,136,120,105,122,79,103,102,92,86,76,51,33,20
733,Tufnell Park,0,0,0,0,0,0,0,3,8,13,15,13,21,28,27,23,31,42,56,55,50,68,74,73,66,84,89,83,74,107,116,88,97,107,90,89,80,61,72,75,62,73,66,58,61,53,60,56,56,61,59,42,52,53,40,43,46,44,40,28,25,25,25,19,19,21,19,19,22,16,16,25,25,15,4,0
734,Turnham Green,0,0,0,0,5,8,9,12,17,22,19,22,28,29,34,39,39,53,62,61,60,90,88,75,96,119,90,99,113,136,102,128,131,116,86,108,101,101,83,85,80,86,88,64,84,84,78,88,100,83,70,63,61,68,57,43,44,46,37,31,32,29,32,38,32,26,33,31,24,26,23,31,20,17,13,8
735,Turnpike Lane,0,0,0,0,0,0,12,57,101,121,103,114,124,129,110,95,129,153,138,143,171,186,179,210,188,210,204,142,184,180,208,173,207,226,190,211,163,218,155,156,173,161,183,164,145,166,135,115,164,130,159,151,143,120,111,130,100,104,81,96,64,58,51,49,59,61,42,47,37,51,39,40,27,17,7,5
736,Upminster,0,0,0,0,0,1,7,11,11,11,12,16,17,25,22,26,23,36,42,52,53,50,61,56,64,61,77,57,50,65,71,58,41,51,46,56,38,36,26,33,34,38,32,30,36,27,12,14,36,44,25,26,31,35,26,22,15,19,18,10,6,10,8,8,9,14,6,8,6,10,10,13,7,4,1,0
737,Upminster Bridge,0,0,0,2,2,2,2,3,2,2,2,2,2,2,3,3,3,4,5,5,5,5,6,4,4,4,6,6,5,4,3,4,4,5,4,3,2,3,3,2,3,4,4,4,5,5,5,5,5,4,4,5,6,5,4,4,3,3,2,2,2,1,1,2,3,3,2,1,1,1,1,1,0,0,0,1
738,Upney,0,0,3,5,11,14,12,14,18,15,12,19,20,15,18,18,26,23,24,29,35,29,39,39,29,26,30,26,32,32,30,21,23,27,26,22,25,26,23,23,23,21,21,22,18,21,17,16,18,20,18,23,17,17,16,18,15,14,12,13,9,8,9,8,8,10,9,7,5,5,5,4,4,3,1,0
739,Upton Park,0,0,5,16,36,54,87,104,133,164,157,123,117,116,128,159,167,181,138,130,184,196,146,188,179,167,190,124,176,170,142,134,184,179,157,203,160,188,171,166,162,185,171,172,154,161,111,153,129,169,128,112,149,105,106,102,142,110,101,84,83,74,69,48,48,48,43,39,54,41,33,19,22,19,10,3
740,Uxbridge,0,0,0,0,7,14,16,13,15,20,18,24,28,26,33,38,33,58,54,62,67,70,75,79,78,62,95,78,78,72,82,71,90,83,84,72,92,109,93,104,78,85,93,76,98,80,83,101,149,117,91,75,81,74,71,55,58,48,33,29,33,37,41,30,25,26,26,25,24,24,15,15,15,11,8,8
741,Victoria,0,0,0,0,0,36,98,167,160,212,225,352,362,427,429,606,651,730,830,1021,903,1350,1215,1202,1493,1233,1693,1534,1723,1304,1420,1429,1617,1720,1753,1679,1436,1286,1384,1242,1490,1549,1442,1226,1180,1483,1199,1458,1117,1143,1163,1102,1124,1229,1266,1062,1386,1166,1217,1130,1119,890,1009,901,706,622,678,741,734,692,664,520,519,337,292,183
742,Walthamstow Central,0,0,0,0,0,0,73,198,250,225,193,178,225,224,183,146,249,272,184,208,269,257,207,244,241,222,264,248,199,292,257,256,197,274,191,256,245,245,244,188,190,199,186,162,145,166,168,194,197,157,172,168,152,137,141,132,113,96,108,98,100,102,82,72,66,67,53,66,59,46,42,37,33,22,14,7
743,Wanstead,0,0,0,0,0,0,0,15,9,10,11,12,12,18,16,16,19,26,27,29,33,33,41,39,49,45,53,51,53,51,47,41,55,50,57,39,35,44,37,31,38,30,35,34,33,31,26,22,32,29,30,29,26,26,22,22,20,18,16,16,11,11,10,9,7,6,8,8,9,7,8,10,10,7,3,2
745,Warren Street,0,0,0,0,0,0,0,23,21,27,23,24,29,43,42,53,58,62,58,83,74,106,96,100,86,93,89,73,80,106,99,95,109,110,96,99,136,115,129,121,147,155,144,137,168,180,164,167,136,147,129,138,191,140,130,110,102,131,95,85,90,110,87,104,68,83,65,64,62,49,54,72,57,43,28,18
746,Warwick Avenue,0,0,0,0,0,0,0,0,11,11,14,13,16,21,23,25,29,36,39,38,51,48,68,56,76,79,84,63,77,87,73,82,82,90,71,89,69,86,72,57,81,72,59,64,65,63,70,55,62,62,62,58,59,61,58,50,49,46,33,32,28,23,23,21,21,24,23,23,22,19,22,22,23,17,11,5
747,Waterloo,0,0,0,0,0,0,0,19,62,144,129,115,150,212,307,327,335,454,418,521,538,759,930,825,829,764,922,1036,863,1235,982,871,1069,931,1206,952,805,1099,1057,919,819,914,1146,1116,1026,853,968,1003,1045,1081,1087,1125,1359,1337,906,1043,1227,994,972,783,612,590,684,682,626,410,444,509,532,398,477,374,350,293,185,151
748,Watford,0,0,0,0,0,0,7,14,15,9,7,10,14,15,12,9,13,19,15,14,14,19,16,16,15,20,23,18,17,21,17,15,13,15,17,15,16,14,11,13,16,14,16,18,18,18,20,21,19,21,21,16,15,13,16,13,12,10,8,8,8,8,9,9,7,6,5,5,4,4,4,4,2,3,3,2
751,Wembley Central,0,0,0,0,0,0,5,20,53,51,48,54,44,51,42,50,72,77,71,62,67,69,89,66,91,69,88,97,75,87,81,81,111,121,122,89,123,116,81,81,96,100,82,85,73,93,87,93,87,81,87,78,74,65,68,79,68,63,49,52,51,66,51,38,38,46,52,47,43,44,42,25,22,20,15,8
752,Wembley Park,0,0,0,0,0,4,39,51,90,81,131,112,82,114,110,106,138,153,142,177,239,238,277,216,277,211,235,271,200,248,209,300,314,250,246,270,279,243,227,182,202,176,229,202,220,198,207,181,220,223,176,143,133,126,140,111,123,90,100,97,71,76,75,60,101,139,156,85,77,89,68,144,194,184,58,18
753,West Acton,0,0,0,0,0,0,2,5,9,9,7,7,9,8,9,11,13,12,13,19,24,28,21,22,21,27,26,30,31,39,33,33,28,35,30,31,22,20,21,24,21,24,22,18,16,18,18,14,15,14,11,11,15,13,12,11,9,11,10,9,7,6,5,5,4,5,3,3,3,4,3,3,2,2,2,2
754,Westbourne Park,0,0,0,0,2,3,6,9,16,14,12,11,14,18,20,22,22,30,28,29,35,28,35,35,40,43,56,45,52,49,47,42,59,58,56,43,53,35,48,42,53,38,39,45,47,49,40,42,43,37,41,46,48,36,44,46,41,30,28,28,22,22,22,21,21,17,17,16,16,18,13,14,13,10,10,5
755,West Brompton,0,0,0,0,0,0,0,7,12,18,18,21,32,35,31,46,54,69,68,92,81,66,86,87,77,70,71,68,84,90,76,65,72,90,81,77,74,66,80,95,95,97,85,88,84,61,72,73,115,97,83,73,71,68,55,47,52,55,41,33,38,26,28,21,24,21,26,30,30,81,102,75,20,17,12,6
756,West Finchley,0,0,0,0,0,0,0,3,3,3,2,3,5,7,9,9,10,11,13,15,14,21,18,24,23,18,19,17,15,17,21,21,20,22,24,18,15,19,13,14,11,9,11,10,10,14,11,12,12,12,11,10,10,11,8,7,9,9,6,5,4,4,3,3,3,3,3,3,3,3,1,2,2,0,0,0
757,West Ham,0,0,0,3,7,11,13,24,29,37,26,27,30,31,28,37,51,50,52,51,47,68,62,62,62,64,61,59,68,63,67,61,56,59,77,55,60,53,64,44,47,57,51,41,52,45,46,49,39,38,36,34,40,51,40,41,32,30,30,26,24,22,16,20,21,25,15,18,16,15,15,11,9,10,11,7
758,West Hampstead,0,0,0,0,0,0,0,6,21,33,37,31,59,60,66,53,79,101,111,104,134,186,175,147,145,200,156,213,175,180,192,219,170,220,194,214,166,180,158,184,177,132,193,143,185,144,143,140,154,161,133,160,145,133,107,119,136,109,97,75,79,50,64,45,58,53,52,47,53,62,62,47,49,49,34,17
759,West Harrow,0,0,0,0,0,0,3,4,5,6,9,6,6,10,11,7,7,9,11,17,18,18,12,15,17,16,15,14,15,21,17,15,16,14,16,13,15,13,14,10,10,9,9,8,5,4,7,7,7,7,7,8,9,9,9,8,7,5,5,6,5,4,5,4,4,4,5,5,3,3,3,3,3,3,3,1
760,West Kensington,0,0,0,1,2,8,11,11,18,25,28,28,26,42,44,37,47,52,61,81,75,92,84,95,112,85,106,102,120,96,100,88,80,81,111,115,89,84,93,74,88,74,71,82,85,93,64,71,73,84,65,88,80,101,82,92,76,71,49,52,51,45,36,32,31,31,33,30,34,30,23,26,25,20,17,15
761,Westminster,0,0,0,0,0,0,9,20,26,23,23,23,33,39,43,45,49,58,82,137,146,231,250,225,305,376,409,518,507,607,663,544,659,536,532,447,586,477,447,661,679,665,632,682,711,688,562,735,662,580,560,494,586,480,507,508,494,455,305,258,306,225,277,243,178,153,131,151,111,116,114,119,95,60,47,27
762,West Ruislip,0,0,0,0,2,3,4,5,6,6,6,6,9,9,15,18,24,19,22,22,33,30,24,29,32,33,29,33,30,29,18,27,28,32,29,22,23,24,19,21,18,12,9,13,14,15,16,19,17,16,13,14,12,17,16,12,13,9,7,12,15,12,10,8,10,5,3,4,5,6,6,6,2,1,0,0
763,Whitechapel,0,0,0,0,5,10,25,32,38,53,42,44,66,86,86,104,96,76,91,88,95,104,106,117,94,93,121,96,106,130,143,144,164,158,123,176,186,164,169,122,170,168,199,181,186,149,183,174,180,159,177,157,141,178,125,157,152,138,145,135,166,141,132,132,118,85,84,74,72,61,70,71,62,54,60,40
764,White City,0,0,1,1,0,2,9,21,25,29,26,25,34,39,40,33,37,40,51,43,56,66,53,59,67,57,71,67,65,70,80,74,68,96,71,89,84,91,106,75,89,83,101,110,101,92,104,84,99,100,90,80,127,104,115,83,75,67,56,67,62,42,48,42,42,47,50,34,47,52,52,31,25,20,15,9
765,Willesden Green,0,0,0,0,1,0,1,31,57,72,59,58,71,89,78,76,97,145,154,146,116,133,163,195,204,193,197,137,204,207,149,203,184,173,147,190,148,145,138,155,124,128,159,144,125,114,125,106,130,116,105,106,115,100,93,79,86,90,75,52,51,48,51,55,40,44,38,38,45,37,36,30,34,28,23,17
766,Willesden Junction,0,0,0,0,0,1,5,10,10,13,11,18,19,24,27,34,31,27,27,34,42,51,36,35,40,41,42,33,48,34,42,55,45,30,39,52,55,68,53,48,57,46,41,36,40,49,48,51,54,43,46,37,42,53,44,39,39,36,37,31,33,35,32,27,24,21,14,13,17,12,12,16,15,10,5,2
767,Wimbledon,0,0,0,0,0,4,10,22,39,36,57,57,67,88,94,80,113,138,124,161,233,248,293,220,289,279,263,213,290,238,269,285,271,212,226,242,227,178,147,166,155,132,202,134,143,149,191,212,212,174,153,101,136,136,124,73,81,87,82,62,41,43,48,41,32,36,37,47,53,43,34,46,56,50,27,13
768,Wimbledon Park,0,0,0,0,0,0,3,4,6,6,7,7,7,9,11,14,16,20,16,22,17,23,31,33,27,35,35,40,37,31,39,35,31,31,40,39,25,27,27,28,31,31,24,20,24,23,17,22,17,19,24,21,15,15,17,17,19,14,8,8,7,6,5,5,6,7,6,5,4,5,5,5,4,2,2,1
769,Woodford,0,0,0,0,1,3,11,21,29,35,36,26,31,37,47,52,62,52,65,59,93,76,91,98,102,103,89,89,119,110,115,109,106,76,99,71,71,74,62,65,63,63,46,53,46,49,44,46,46,61,53,47,45,50,40,43,35,36,32,29,26,24,18,19,16,20,13,14,17,12,14,11,10,6,2,1
770,Wood Green,0,0,1,0,0,0,40,80,120,121,105,88,111,104,131,110,125,187,133,157,154,189,180,201,183,183,222,176,172,238,209,252,220,274,188,238,250,264,237,233,243,225,189,239,235,177,221,207,228,175,231,211,200,185,141,169,133,110,110,102,92,85,97,74,67,81,61,58,60,56,51,50,36,24,7,5
771,Woodside Park,0,0,0,0,0,0,2,5,7,6,8,10,13,14,20,17,23,28,31,38,32,43,42,47,47,57,51,38,48,41,39,47,59,47,42,53,40,38,28,30,28,29,23,23,21,23,23,24,30,29,25,21,24,22,20,14,19,17,14,10,7,7,10,12,12,10,9,10,7,7,6,5,4,0,0,1
773,Hammersmith (H&C),0,0,0,0,5,12,17,19,25,27,34,32,34,34,49,53,59,83,71,69,96,95,122,105,118,109,159,117,155,116,157,142,159,125,135,135,118,140,168,136,131,174,128,140,120,125,132,149,118,120,138,148,143,127,123,111,113,100,73,73,79,74,65,53,55,48,51,63,72,76,77,109,115,74,41,17
774,Edgware Road (Bak),0,0,0,0,0,0,0,0,9,10,15,14,13,14,17,17,30,42,52,46,60,52,42,55,50,51,55,46,59,47,55,56,63,45,52,55,56,66,60,48,53,58,46,49,54,59,61,71,59,74,62,74,70,63,52,65,50,60,41,48,52,40,42,34,27,32,36,30,35,26,29,29,26,24,12,3
775,Shepherd's Bush (H&C),0,0,0,0,4,8,10,11,12,12,14,16,15,20,19,17,22,33,30,35,44,52,46,50,39,47,55,51,53,47,50,51,44,57,57,46,49,54,42,51,50,60,55,47,57,43,53,49,62,59,57,47,58,74,52,52,34,42,36,43,33,36,26,21,20,18,19,21,18,21,23,27,30,22,18,11
776,Pimlico,0,0,0,0,0,0,5,13,22,28,25,30,37,49,51,68,75,93,123,136,105,158,146,113,161,145,145,164,173,144,143,177,158,180,157,190,147,174,144,178,191,152,149,178,187,190,185,134,193,168,133,164,184,132,102,87,73,79,79,52,53,48,35,40,37,30,29,32,38,38,29,24,28,28,17,9
777,Vauxhall,0,0,0,0,6,24,78,97,86,100,93,132,133,139,155,151,168,193,213,314,229,351,294,292,315,411,331,486,447,370,487,520,477,520,393,416,431,305,308,330,390,290,328,325,347,277,299,297,262,266,356,325,262,291,328,330,225,285,233,192,183,153,116,148,134,138,125,116,111,115,97,114,85,101,81,48
778,Brixton,0,0,0,0,0,60,133,132,178,205,196,135,184,233,205,200,276,296,277,348,334,303,339,374,461,497,361,490,439,385,479,431,573,489,565,514,493,382,467,349,311,308,358,370,357,384,277,390,354,396,314,283,294,285,303,299,274,260,235,213,166,167,157,169,158,171,125,142,138,138,148,138,223,184,121,53
779,Hatton Cross,0,4,13,20,27,31,29,27,29,33,32,33,42,34,43,41,39,37,45,58,67,71,73,62,69,57,51,47,64,56,59,63,53,45,50,63,46,59,50,38,34,38,40,45,41,51,41,37,38,51,39,46,44,39,40,46,36,41,29,24,26,28,23,18,21,20,20,21,19,17,17,17,13,9,6,4
780,Heathrow Terminals 123,0,4,26,52,58,52,65,66,82,111,122,103,131,150,148,146,205,199,128,115,139,141,136,135,191,175,188,193,172,142,178,162,168,184,205,213,161,200,160,160,195,149,167,130,154,168,224,182,191,162,182,188,152,133,182,236,206,216,227,189,206,202,189,179,227,270,280,229,183,171,137,134,89,55,16,3
781,Heathrow Terminal 4,0,0,6,11,12,15,20,41,42,63,64,79,64,93,89,84,65,56,48,37,40,43,58,44,38,44,48,62,56,74,57,75,59,71,53,60,67,57,64,38,40,31,39,42,52,49,60,61,82,72,69,62,102,88,95,102,80,86,114,103,76,61,60,92,63,81,59,54,46,43,21,15,14,12,7,0
783,Heathrow Terminal 5,0,3,25,43,30,25,20,37,41,57,62,55,63,51,47,62,78,71,73,67,66,71,53,71,74,71,77,83,88,100,80,77,95,92,84,78,83,80,68,83,97,97,89,92,79,96,87,104,103,89,72,98,114,87,101,95,102,86,90,106,121,110,115,113,137,127,114,166,143,126,137,91,72,43,14,3
784,Southwark,0,0,0,0,0,0,0,0,20,35,36,27,35,50,44,57,65,75,84,93,122,101,113,124,127,118,122,132,114,114,82,105,122,101,121,94,96,133,99,99,133,133,123,138,129,135,121,131,105,108,127,133,135,150,85,81,72,66,75,57,53,57,45,49,37,36,37,42,35,31,35,30,34,33,19,11
787,Bermondsey,0,0,0,0,0,0,0,3,27,64,49,49,50,67,53,60,77,88,90,76,90,110,109,149,128,118,151,132,149,142,141,176,128,123,147,133,134,125,133,104,98,118,122,135,115,141,112,107,116,126,130,129,117,128,130,93,92,100,88,75,58,66,59,45,50,43,44,40,39,33,37,33,35,30,27,15
788,Canada Water,0,0,0,0,0,0,7,25,59,78,66,66,64,104,99,95,130,142,152,154,185,158,213,176,227,275,221,204,230,210,213,260,231,221,228,228,267,261,253,218,215,200,260,257,175,216,198,183,199,194,164,129,139,147,155,121,116,105,89,92,82,92,76,76,75,65,54,60,48,62,53,54,53,49,30,20
789,North Greenwich,0,0,0,0,0,0,0,0,138,148,120,90,143,145,106,125,165,158,144,206,235,252,186,223,244,206,312,243,232,261,261,318,294,292,268,248,238,237,329,288,238,328,294,253,245,244,278,289,336,321,273,253,251,233,268,243,224,233,209,266,229,238,250,175,224,193,351,746,1007,1107,1021,880,662,556,525,235
852,Canary Wharf,0,0,0,0,0,0,0,21,71,90,76,76,84,113,162,186,160,188,203,235,262,330,292,291,340,389,434,389,331,476,515,512,487,436,548,435,397,473,443,385,369,408,482,530,380,536,367,391,464,414,380,579,596,425,471,400,335,326,187,179,216,175,141,143,169,123,105,112,93,135,118,91,107,107,72,57
884,Canning Town,0,0,0,0,0,23,71,127,147,148,139,114,143,130,127,137,149,126,145,122,172,192,166,116,154,158,165,122,130,171,174,175,192,150,167,180,168,158,139,147,115,160,120,158,152,120,116,127,137,150,142,125,138,108,116,150,99,115,85,86,61,88,80,74,73,67,57,49,39,50,43,33,32,28,19,17
